sample,leiden,epithelial_tumour,proliferation,T_cells,myeloid,B_cells,fibroblast,endothelial
HCC22-088-P1-S1,0,-0.47600269317626953,-0.3843047618865967,-0.5970677733421326,-0.30452609062194824,-0.4595375061035156,0.1260073482990265,-0.18563398718833923
HCC22-088-P1-S1,1,-0.4257822632789612,-0.5216754078865051,-0.7744529247283936,-1.2194961309432983,-0.5333742499351501,-1.1689975261688232,-0.7171366214752197
HCC22-088-P1-S1,2,-0.48231688141822815,-0.48702767491340637,-0.5398126244544983,-0.041343145072460175,-0.5302346348762512,-0.38598281145095825,-0.7207832336425781
HCC22-088-P1-S1,3,1.787294626235962,1.7814245223999023,0.34132102131843567,0.46610164642333984,-0.2511928975582123,0.8746685981750488,0.656949520111084
HCC22-088-P1-S1,4,-0.40319275856018066,-0.388416588306427,1.5700122117996216,1.0992635488510132,1.774339199066162,0.5543046593666077,0.9666043519973755
HCC22-088-P1-S2,0,-0.330352783203125,-0.606728732585907,-0.17368030548095703,-0.3664894700050354,0.16033679246902466,0.12826982140541077,0.10385464131832123
HCC22-088-P1-S2,1,1.2622711658477783,1.3547358512878418,1.6685303449630737,0.7215096950531006,0.9671433568000793,0.5537670850753784,1.2229586839675903
HCC22-088-P1-S2,10,-1.0094726085662842,-0.6468496322631836,0.016238272190093994,1.2681481838226318,-0.762339174747467,-0.4991365969181061,-1.1258782148361206
HCC22-088-P1-S2,2,1.4739023447036743,1.935856819152832,-0.1092844232916832,-0.08258174359798431,0.7417654395103455,-0.09751801937818527,0.7034716010093689
HCC22-088-P1-S2,3,0.6509547233581543,0.37713414430618286,-0.5118817090988159,-0.3879901170730591,0.010491023771464825,0.4039819836616516,-0.17949625849723816
HCC22-088-P1-S2,4,-0.7868178486824036,-0.7927274107933044,-0.9204146265983582,-1.596963882446289,-0.716036319732666,-2.2802700996398926,-1.3432722091674805
HCC22-088-P1-S2,5,-0.03271385282278061,-0.4157412350177765,-0.2655847370624542,-0.2399858981370926,-0.623407781124115,0.04473986476659775,-0.4019695520401001
HCC22-088-P1-S2,6,-1.0136386156082153,-0.8592865467071533,-0.8215041160583496,-0.5770638585090637,-0.428851455450058,1.0570954084396362,-0.5413228869438171
HCC22-088-P1-S2,7,-0.9446201324462891,-0.7929527759552002,-0.25673091411590576,0.23769934475421906,-0.5583203434944153,0.10322944074869156,-0.5065552592277527
HCC22-088-P1-S2,8,-0.5351398587226868,-0.47816699743270874,0.9064915180206299,1.2486011981964111,-0.24680350720882416,0.8987059593200684,1.5507012605667114
HCC22-088-P1-S2,9,1.2656269073486328,0.924726665019989,0.46782103180885315,-0.22488272190093994,1.4560219049453735,-0.31286391615867615,0.5175090432167053
HCC22-088-P2-S1,0,0.4308396875858307,0.43918997049331665,-0.15165381133556366,-0.4787735342979431,0.21105819940567017,0.2855798006057739,-0.5241881012916565
HCC22-088-P2-S1,1,-0.46692758798599243,-0.6268527507781982,-0.399997353553772,-0.5735269784927368,0.3145420551300049,-0.5479868650436401,-0.06168065965175629
HCC22-088-P2-S1,2,-0.5824764966964722,-0.7260968685150146,-0.2948859930038452,-0.5741195678710938,-0.5082932710647583,-0.4101385176181793,-0.8409212827682495
HCC22-088-P2-S1,3,-0.572802722454071,-0.8733288049697876,-0.42724302411079407,-0.27892449498176575,-0.2644156217575073,-0.16277973353862762,-0.4202343225479126
HCC22-088-P2-S1,4,-0.6047157645225525,1.0638413429260254,1.5043835639953613,1.96211838722229,-0.3652538061141968,1.330715298652649,1.2386640310287476
HCC22-088-P2-S1,5,1.7960830926895142,0.723247230052948,-0.23060353100299835,-0.056773941963911057,0.6123626828193665,-0.4953903555870056,0.6083604693412781
HCC22-088-P2-S2,0,-0.7110267877578735,1.3633469343185425,1.6264828443527222,2.1996963024139404,1.3506889343261719,1.6004629135131836,1.9753413200378418
HCC22-088-P2-S2,1,-0.6282680630683899,-0.7501872777938843,-0.1004805862903595,-0.08623693883419037,0.5832674503326416,0.46658462285995483,0.2694307565689087
HCC22-088-P2-S2,2,-0.5651620626449585,-0.7066805362701416,-0.4239109456539154,-0.5094954371452332,-0.6470797657966614,-0.5438852906227112,-0.6743056774139404
HCC22-088-P2-S2,3,-0.2841624915599823,-0.8211891651153564,-0.1665494441986084,-0.44396108388900757,0.3926427662372589,-0.572533905506134,-0.31209230422973633
HCC22-088-P2-S2,4,0.6831846237182617,0.5903405547142029,-0.3706866502761841,-0.36128267645835876,-0.5107440948486328,0.23172274231910706,-0.36907029151916504
HCC22-088-P2-S2,5,1.8644691705703735,0.7660304307937622,-0.19486594200134277,-0.13207709789276123,0.05703656002879143,-0.4636332392692566,-0.08238401263952255
HCC22-088-P2-S2,6,-0.35903406143188477,-0.4416612386703491,-0.36998891830444336,-0.6666430234909058,-1.2258116006851196,-0.7187176942825317,-0.8069196939468384
HCC22-088-P3-S1_A,0,0.8626696467399597,0.45270973443984985,0.2223101407289505,0.8500526547431946,0.9734485149383545,0.16918382048606873,-0.2551877796649933
HCC22-088-P3-S1_A,1,1.258230209350586,1.479506492614746,1.429064393043518,0.6889520883560181,0.4596233069896698,0.5193613171577454,0.9560867547988892
HCC22-088-P3-S1_A,2,-0.8100084066390991,-0.640034556388855,-0.8676047921180725,-1.0606353282928467,-0.7833402752876282,-1.1296124458312988,-0.49018391966819763
HCC22-088-P3-S1_A,3,-0.7357441782951355,-0.7016104459762573,-0.9570218920707703,-0.9973173141479492,-1.0944509506225586,0.07861389964818954,-1.179086446762085
HCC22-088-P3-S1_A,4,-0.5751472115516663,-0.590571403503418,0.17325204610824585,0.518947958946228,0.4447192847728729,0.36245399713516235,0.968371570110321
HCC22-088-P3-S2,0,-1.1517417430877686,-1.0188095569610596,-0.9962794780731201,-1.082823395729065,-0.8495945334434509,-1.641548752784729,-1.3586812019348145
HCC22-088-P3-S2,1,-1.0180168151855469,-1.0859730243682861,-0.852010190486908,-0.8307908773422241,-0.7992725968360901,-0.81617671251297,-0.592686653137207
HCC22-088-P3-S2,2,-0.40645933151245117,-0.6247236132621765,-0.6894494891166687,-0.7180031538009644,-0.6081984043121338,0.44443267583847046,-0.6360312104225159
HCC22-088-P3-S2,3,0.5830415487289429,0.4069783091545105,0.2590358555316925,0.2548368573188782,1.3394780158996582,-0.1493258774280548,0.37357455492019653
HCC22-088-P3-S2,4,-0.0946907177567482,0.8422784209251404,1.718999981880188,1.6375023126602173,0.8483310341835022,0.31906282901763916,1.5459634065628052
HCC22-088-P3-S2,5,0.5869808793067932,0.2211262434720993,0.11426591873168945,0.6166412234306335,-0.06998181343078613,1.0186575651168823,0.5672178268432617
HCC22-088-P3-S2,6,1.5008866786956787,1.2591235637664795,0.4454370439052582,0.12263713032007217,0.13923804461956024,0.8248993158340454,0.10064224898815155
HCC22-088-P4-S1,0,-0.8321426510810852,-0.4366462230682373,0.31970933079719543,1.2416070699691772,-0.37796446681022644,0.7301409840583801,0.1461033821105957
HCC22-088-P4-S1,1,-0.8519769906997681,-0.3148486018180847,-0.19257120788097382,-0.20047526061534882,-0.37796446681022644,0.8960729837417603,0.4062991440296173
HCC22-088-P4-S1,2,1.1293342113494873,0.8108205199241638,-0.37004193663597107,-0.5370545983314514,-0.37796446681022644,-0.16358992457389832,-0.4975157380104065
HCC22-088-P4-S1,3,-0.2562465965747833,0.3328778147697449,0.12985138595104218,0.739444375038147,-0.37796446681022644,-0.1511857956647873,-0.17860668897628784
HCC22-088-P4-S1,4,0.9563432931900024,0.23057341575622559,0.21457163989543915,-0.6161745190620422,2.267786979675293,-1.2047250270843506,-0.35304081439971924
HCC22-088-P4-S1,5,0.014863943681120872,-0.4842793941497803,-0.23621173202991486,-0.18331590294837952,-0.37796446681022644,-0.38069775700569153,-0.04901270568370819
HCC22-088-P4-S1,6,-0.1601744443178177,-0.1384979635477066,0.1346924751996994,-0.44403141736984253,-0.37796446681022644,0.2739863693714142,0.5257739424705505
HCC22-088-P4-S2,0,-0.8529648780822754,-0.6000148057937622,1.6445341110229492,1.1533892154693604,0.42762741446495056,0.8752981424331665,0.3278803825378418
HCC22-088-P4-S2,1,0.40673500299453735,0.15007780492305756,0.01966528594493866,0.18556717038154602,-0.1571807712316513,0.9488228559494019,0.7053272724151611
HCC22-088-P4-S2,2,-0.30532902479171753,-0.7125480771064758,-0.8554556965827942,-1.1027166843414307,-0.8240208625793457,0.09766946732997894,-0.8233299255371094
HCC22-088-P4-S2,3,-1.2304494380950928,-1.0891368389129639,-0.2662700414657593,-0.20113126933574677,0.7899148464202881,-1.5028002262115479,1.2853617668151855
HCC22-088-P4-S2,4,1.3716039657592773,1.4643855094909668,-0.7732347846031189,-0.46422672271728516,-0.12712396681308746,-0.36125805974006653,-0.443930447101593
HCC22-088-P4-S2,5,0.610404372215271,0.7872363328933716,0.23076122999191284,0.42911824584007263,-0.10921669006347656,-0.05772963911294937,-1.0513086318969727
HCC22-088-P4-S2_1i_rep,0,-0.2502549886703491,0.19029521942138672,-0.6258743405342102,-0.2788645327091217,-0.6345078945159912,-0.6483154296875,-0.8206266164779663
HCC22-088-P4-S2_1i_rep,1,1.7691240310668945,0.47683751583099365,0.402721643447876,0.20585384964942932,-0.15703198313713074,0.3092551827430725,0.04629547894001007
HCC22-088-P4-S2_1i_rep,2,0.21088378131389618,0.23352277278900146,-0.3034650683403015,-0.15600675344467163,0.9720573425292969,-1.1849128007888794,-0.6031565070152283
HCC22-088-P4-S2_1i_rep,3,-0.7798246145248413,-0.29588747024536133,-0.5609623789787292,-0.543427586555481,-0.5474407076835632,0.5942903757095337,0.06321331858634949
HCC22-088-P4-S2_1i_rep,4,-0.2888413071632385,-0.36374348402023315,0.6652566194534302,1.1613836288452148,0.5252118706703186,0.45830613374710083,0.8175524473190308
HCC22-088-P4-S2_1i_rep,5,-0.661086916923523,-0.24102449417114258,0.422323614358902,-0.3889384865760803,-0.15828867256641388,0.4713764190673828,0.4967219829559326
HCC22-088-P5-S1,0,-0.11140956729650497,-1.0019937753677368,-0.9782252311706543,-0.8966661691665649,-0.8803614974021912,-0.8727508783340454,0.7573114633560181
HCC22-088-P5-S1,1,-0.21288588643074036,1.0815722942352295,0.9414401650428772,1.7239795923233032,-0.006833752151578665,1.5926235914230347,-0.47286009788513184
HCC22-088-P5-S1,2,-0.37013888359069824,-0.7028577923774719,0.24696333706378937,-0.4233124852180481,-0.40065768361091614,-0.13706746697425842,-0.5102854371070862
HCC22-088-P5-S1,3,1.5769405364990234,0.5714797377586365,-0.3964986801147461,-0.36414939165115356,0.06439020484685898,-0.8249967694282532,-0.577544629573822
HCC22-088-P5-S1,4,-0.6133836507797241,-0.23331397771835327,0.37965384125709534,0.009884268045425415,0.7766901850700378,-0.08672269433736801,0.3564906120300293
HCC22-088-P5-S1,5,-0.26912254095077515,0.28511348366737366,-0.19333362579345703,-0.049736008048057556,0.44677257537841797,0.328914076089859,0.44688794016838074
HCC22-088-P5-S2,0,-0.5116068720817566,-0.734014630317688,-0.6566221117973328,-0.8215928077697754,-0.7775947451591492,-0.8719997406005859,-1.0508841276168823
HCC22-088-P5-S2,1,1.48989999294281,1.4396214485168457,1.375512957572937,1.211651086807251,0.969447910785675,1.0449166297912598,0.6171104907989502
HCC22-088-P5-S2,2,-0.3575119078159332,-0.289372056722641,0.016127806156873703,0.30312544107437134,0.59657883644104,0.5359411239624023,0.9371705651283264
HCC22-088-P5-S2,3,-0.6207812428474426,-0.4162348806858063,-0.7350186705589294,-0.6931836009025574,-0.7884318828582764,-0.7088589072227478,-0.5033968091011047
HCC22-088-P5-S2_F_rep,0,-0.019037824124097824,-0.14499512314796448,-0.08359833806753159,0.30078011751174927,-0.03695182129740715,0.6431153416633606,1.5782177448272705
HCC22-088-P5-S2_F_rep,1,-0.8674993515014648,-0.17085938155651093,0.7634912133216858,0.3091285228729248,-0.87937331199646,-0.9465520977973938,0.03983296453952789
HCC22-088-P5-S2_F_rep,2,-0.6254938840866089,-0.9001519083976746,-0.7816291451454163,-1.0855844020843506,-0.27992063760757446,-0.9657516479492188,-1.0368279218673706
HCC22-088-P5-S2_F_rep,3,-0.14483407139778137,-0.3101975619792938,0.553202211856842,0.5644620656967163,0.3710826635360718,1.1768454313278198,-0.13561704754829407
HCC22-088-P5-S2_F_rep,4,1.6568654775619507,1.526204228401184,-0.45146581530570984,-0.08878549188375473,0.8251631259918213,0.09234301745891571,-0.4456060528755188
HCC22-088-P6-S1,0,-0.14834928512573242,0.1168726235628128,-0.05694490671157837,0.12066185474395752,-0.5773502588272095,0.6060131192207336,-0.055869728326797485
HCC22-088-P6-S1,1,-0.7963582277297974,-0.9094425439834595,-0.4033550024032593,-1.0013322830200195,-0.5773502588272095,-0.6790943145751953,-0.945236325263977
HCC22-088-P6-S1,2,0.9447075724601746,0.7925700545310974,0.46029987931251526,0.8806703686714172,1.1547006368637085,0.0730828195810318,1.0011061429977417
HCC22-088-P6-S2_D,0,-0.6691956520080566,-0.7316482067108154,-0.5972550511360168,-0.5802296996116638,-0.6557108759880066,-0.922946572303772,-0.549256443977356
HCC22-088-P6-S2_D,1,-0.6548362970352173,-0.699038028717041,-0.7420933842658997,-0.9995704889297485,-0.6503355503082275,-1.352628469467163,-0.8728628158569336
HCC22-088-P6-S2_D,2,-0.48926854133605957,-0.18876779079437256,0.16126127541065216,1.0618443489074707,-0.045293182134628296,0.5271129608154297,0.6212393045425415
HCC22-088-P6-S2_D,3,-0.6424639225006104,-0.5862887501716614,-0.6523699164390564,-0.6908921003341675,-0.673818826675415,0.2478499412536621,-1.1542264223098755
HCC22-088-P6-S2_D,4,1.3950375318527222,1.7122632265090942,1.8496493101119995,1.238091230392456,1.8294987678527832,0.49036288261413574,1.0655579566955566
HCC22-088-P6-S2_D,5,1.0607266426086426,0.49347984790802,-0.019192194566130638,-0.029243743047118187,0.19565965235233307,1.0102521181106567,0.8895483016967773
