sample,gene,r_pearson,r_spearman,n_spots
HCC22-088-P1-S1,CD3E,0.028697280468263472,-0.002187771288192293,664
HCC22-088-P1-S1,CD4,-0.1425155962178603,-0.15520503818759282,664
HCC22-088-P1-S1,CD8A,0.018470131750496947,0.02066451827946248,664
HCC22-088-P1-S1,CD68,0.12231940048577906,0.09291140920137306,664
HCC22-088-P1-S1,CD14,-0.0904953932964061,-0.1095845357191139,664
HCC22-088-P1-S1,CD19,-0.07948205662134512,-0.07787249247797723,664
HCC22-088-P1-S1,MS4A1,-0.12913472440068752,-0.15869852675552118,664
HCC22-088-P1-S1,EPCAM,0.014116052358934525,0.03915362840933343,664
HCC22-088-P1-S1,PECAM1,0.0011342595584798928,0.024999918047667144,664
HCC22-088-P1-S1,VIM,0.21627527262106427,0.1757288134522066,664
HCC22-088-P1-S1,KRT5,0.05829094355046763,0.09639293402137854,664
HCC22-088-P1-S1,PCNA,0.13345943438125668,0.14800848781820913,664
HCC22-088-P1-S1,CD274,0.1008732269715652,0.12698861441840492,664
HCC22-088-P1-S1,PDCD1,-0.03561458196219365,-0.038235539675625374,664
HCC22-088-P1-S1,ACTA2,0.14185386463694982,0.20142850789771724,664
HCC22-088-P1-S1,BCL2,0.17306375631992613,0.21725821111205199,664
HCC22-088-P1-S1,CD163,0.21638932835228308,0.19925203331765703,664
HCC22-088-P1-S1,CR2,-0.08759993357740867,-0.0989629929818438,664
HCC22-088-P1-S1,PAX5,0.10609516243803563,0.1376023876589085,664
HCC22-088-P1-S1,SDC1,0.061399452472875364,0.1679102867415872,664
HCC22-088-P1-S1,FCGR3A,0.0058551560447510365,0.01634698270793918,664
HCC22-088-P1-S1,ITGAX,-0.09651548894407522,-0.11817464801127318,664
HCC22-088-P1-S1,ITGAM,-0.006102247649649815,-0.03779909463441921,664
HCC22-088-P1-S1,CCR7,0.029042996016031247,0.025884972978476476,664
HCC22-088-P1-S1,CD27,-0.11125516284013132,-0.11534772005783352,664
HCC22-088-P1-S1,CXCR5,-0.02836169067205873,-0.026308028346555205,664
HCC22-088-P1-S2,CD3E,-0.005150811730788279,-0.0029490348782934958,4855
HCC22-088-P1-S2,CD4,-0.0609963333829263,-0.04816736228105072,4855
HCC22-088-P1-S2,CD8A,0.032593814116512146,0.019640930063072742,4855
HCC22-088-P1-S2,CD68,0.16577752611569918,0.14783704761708785,4855
HCC22-088-P1-S2,CD14,-0.023155870402392403,-0.03689627693850339,4855
HCC22-088-P1-S2,CD19,-0.01956238530551127,-0.01864355408269012,4855
HCC22-088-P1-S2,MS4A1,0.009181500758083697,0.010934082920339825,4855
HCC22-088-P1-S2,EPCAM,0.16954209158973693,0.20055698135900624,4855
HCC22-088-P1-S2,PECAM1,-0.04186677145901891,-0.045224618712596566,4855
HCC22-088-P1-S2,VIM,0.35174609532250617,0.6169880857544878,4855
HCC22-088-P1-S2,KRT5,0.03793842849350976,0.05550962696790363,4855
HCC22-088-P1-S2,PCNA,0.1338365635791097,0.1475663996984671,4855
HCC22-088-P1-S2,CD274,0.03579959761949693,0.046249319985832975,4855
HCC22-088-P1-S2,PDCD1,-0.028497391615737527,-0.022491284649604436,4855
HCC22-088-P1-S2,ACTA2,0.2395733897450061,0.23064574368794424,4855
HCC22-088-P1-S2,BCL2,0.2469337285751476,0.282171892720767,4855
HCC22-088-P1-S2,CD163,-0.019308124347752986,-0.014615299802148627,4855
HCC22-088-P1-S2,CR2,0.015889510919827005,0.018271744335658573,4855
HCC22-088-P1-S2,PAX5,-0.014658440516369019,-0.01803373655694355,4855
HCC22-088-P1-S2,SDC1,0.09264389659410525,0.12839676175427936,4855
HCC22-088-P1-S2,FCGR3A,0.08923531615548067,0.07812359045080212,4855
HCC22-088-P1-S2,ITGAX,0.10143137617255038,0.09087863788372777,4855
HCC22-088-P1-S2,ITGAM,-0.00033864956624081455,-0.01634032341674856,4855
HCC22-088-P1-S2,CCR7,-0.035969022757454464,-0.04824893232082607,4855
HCC22-088-P1-S2,CD27,-0.04279957222943356,-0.05072976604478083,4855
HCC22-088-P1-S2,CXCR5,0.022149045429198447,0.03236243095540899,4855
HCC22-088-P2-S1,CD3E,-0.007613278600092319,-0.01165607544600741,2071
HCC22-088-P2-S1,CD4,0.060791967185793105,0.06989842529905853,2071
HCC22-088-P2-S1,CD8A,0.017211127561122305,0.02471053737508172,2071
HCC22-088-P2-S1,CD68,0.3393395340392542,0.3095464579636476,2071
HCC22-088-P2-S1,CD14,0.14387789667730422,0.16661882443101483,2071
HCC22-088-P2-S1,CD19,-0.02949041850948357,-0.03064798270792146,2071
HCC22-088-P2-S1,MS4A1,0.04989324942810957,0.05505226264241257,2071
HCC22-088-P2-S1,EPCAM,0.1692423738854184,0.17723282473778632,2071
HCC22-088-P2-S1,PECAM1,0.10088467173574091,0.11432067795072239,2071
HCC22-088-P2-S1,VIM,0.19361855187476162,0.367470403454489,2071
HCC22-088-P2-S1,KRT5,0.145180025114491,0.15879585986772346,2071
HCC22-088-P2-S1,PCNA,0.09054529782004592,0.10624464771829649,2071
HCC22-088-P2-S1,CD274,0.022913555816544987,0.040917689687845954,2071
HCC22-088-P2-S1,PDCD1,-0.03369518859682836,-0.03533152303692856,2071
HCC22-088-P2-S1,ACTA2,0.14590212415776632,0.14546791920675475,2071
HCC22-088-P2-S1,BCL2,0.08775857813259438,0.09410026337136576,2071
HCC22-088-P2-S1,CD163,0.16543910131723005,0.18553232332466468,2071
HCC22-088-P2-S1,CR2,,,2071
HCC22-088-P2-S1,PAX5,-0.024881692009118144,-0.01619834628019669,2071
HCC22-088-P2-S1,SDC1,0.0726335356315751,0.08924731508017739,2071
HCC22-088-P2-S1,FCGR3A,0.06586736897622103,0.08755945115824851,2071
HCC22-088-P2-S1,ITGAX,0.43126484022640754,0.3657563823282295,2071
HCC22-088-P2-S1,ITGAM,-0.0056047292503106,-0.0035345087141471616,2071
HCC22-088-P2-S1,CCR7,-0.047408901953981945,-0.04901978404716291,2071
HCC22-088-P2-S1,CD27,0.013446159614210305,0.02017666132728757,2071
HCC22-088-P2-S1,CXCR5,0.011017285356988236,0.012254645072966811,2071
HCC22-088-P2-S2,CD3E,-0.008887575793404743,-0.01246403330259302,4734
HCC22-088-P2-S2,CD4,0.1472088711140458,0.1645483162074493,4734
HCC22-088-P2-S2,CD8A,0.015219082749235713,0.016080684811255165,4734
HCC22-088-P2-S2,CD68,0.5316846046011205,0.4630485565317286,4734
HCC22-088-P2-S2,CD14,0.14161760933443127,0.15283562421034266,4734
HCC22-088-P2-S2,CD19,-0.018977552426112362,-0.017841840236129603,4734
HCC22-088-P2-S2,MS4A1,0.03365457678609996,0.029159763972238233,4734
HCC22-088-P2-S2,EPCAM,0.2673002442837389,0.26555475799383577,4734
HCC22-088-P2-S2,PECAM1,0.16973655993420106,0.18345533246943366,4734
HCC22-088-P2-S2,VIM,0.27698904984305783,0.5296646552950297,4734
HCC22-088-P2-S2,KRT5,0.15314780898753338,0.1664566954069389,4734
HCC22-088-P2-S2,PCNA,0.10624292598493476,0.12317933944751715,4734
HCC22-088-P2-S2,CD274,0.08900229000511366,0.1064685465138764,4734
HCC22-088-P2-S2,PDCD1,-0.028231123729010175,-0.029256617639528026,4734
HCC22-088-P2-S2,ACTA2,0.20277083023000356,0.1919810876618865,4734
HCC22-088-P2-S2,BCL2,0.12518610459536966,0.12270481127506204,4734
HCC22-088-P2-S2,CD163,0.185167487919712,0.20759956540335578,4734
HCC22-088-P2-S2,CR2,-0.003599229488233088,-0.00472766909631159,4734
HCC22-088-P2-S2,PAX5,-0.011745705475627517,-0.009563151795430052,4734
HCC22-088-P2-S2,SDC1,0.10572037575289905,0.12005572760138307,4734
HCC22-088-P2-S2,FCGR3A,0.09371839791728913,0.1284722884585805,4734
HCC22-088-P2-S2,ITGAX,0.5216995533372245,0.4285602513427498,4734
HCC22-088-P2-S2,ITGAM,-0.01268582312850572,-0.012354128022755146,4734
HCC22-088-P2-S2,CCR7,-0.028724064488924467,-0.03167852767199515,4734
HCC22-088-P2-S2,CD27,-0.019207590906853415,-0.018028249882118968,4734
HCC22-088-P2-S2,CXCR5,0.001386474048172194,0.0007833677281121207,4734
HCC22-088-P3-S1_A,CD3E,0.05822928026071583,0.08911028862938108,418
HCC22-088-P3-S1_A,CD4,-0.288392404198088,-0.29722371313901946,418
HCC22-088-P3-S1_A,CD8A,0.07905552443358842,0.10197387647999183,418
HCC22-088-P3-S1_A,CD68,0.2903660155889913,0.30617887014809236,418
HCC22-088-P3-S1_A,CD14,-0.06285927605209221,-0.04544743267278715,418
HCC22-088-P3-S1_A,CD19,-0.11320478501482942,-0.1297975293279726,418
HCC22-088-P3-S1_A,MS4A1,-0.11471478911124541,-0.13080443291659896,418
HCC22-088-P3-S1_A,EPCAM,0.31632508186781916,0.3445300969168202,418
HCC22-088-P3-S1_A,PECAM1,0.17276051390792968,0.2776852895173047,418
HCC22-088-P3-S1_A,VIM,0.3079314285666307,0.5661794151336963,418
HCC22-088-P3-S1_A,KRT5,0.29729594589886316,0.402512681004619,418
HCC22-088-P3-S1_A,PCNA,0.2366895627840474,0.2789006530479935,418
HCC22-088-P3-S1_A,CD274,0.1262205334637377,0.1222007036402548,418
HCC22-088-P3-S1_A,PDCD1,-0.11286413911864357,-0.11117148738887998,418
HCC22-088-P3-S1_A,ACTA2,0.30780401870017593,0.42712945150602183,418
HCC22-088-P3-S1_A,BCL2,0.21456325886030364,0.23746161638902716,418
HCC22-088-P3-S1_A,CD163,-0.08801131707953526,-0.08853689484175202,418
HCC22-088-P3-S1_A,CR2,-0.0033835930834076496,0.006696247554595362,418
HCC22-088-P3-S1_A,PAX5,-0.040731642008681124,-0.05643329607495027,418
HCC22-088-P3-S1_A,SDC1,0.09477792633053242,0.04718702965579886,418
HCC22-088-P3-S1_A,FCGR3A,0.3310362200824437,0.33305087621948837,418
HCC22-088-P3-S1_A,ITGAX,0.0934342022435504,0.09599103828268404,418
HCC22-088-P3-S1_A,ITGAM,-0.12925377070935823,-0.14764094829638405,418
HCC22-088-P3-S1_A,CCR7,-0.027306395346398636,-0.03216250396959737,418
HCC22-088-P3-S1_A,CD27,-0.10025865735185335,-0.11857485494522181,418
HCC22-088-P3-S1_A,CXCR5,-0.04898873716128271,-0.06107789436161223,418
HCC22-088-P3-S2,CD3E,-0.04675097169021221,-0.04775847253636529,4485
HCC22-088-P3-S2,CD4,-0.053504324219585994,-0.04516653897257143,4485
HCC22-088-P3-S2,CD8A,0.02207602056257059,0.023068033612012456,4485
HCC22-088-P3-S2,CD68,0.0708585800803109,0.07913911454389151,4485
HCC22-088-P3-S2,CD14,-0.058636755884635225,-0.07714925457082863,4485
HCC22-088-P3-S2,CD19,-0.03446892231414726,-0.04113970260059038,4485
HCC22-088-P3-S2,MS4A1,-0.023047244129027557,-0.027135470395676504,4485
HCC22-088-P3-S2,EPCAM,0.06800878748749367,0.08764839761373124,4485
HCC22-088-P3-S2,PECAM1,-0.04441081983627533,-0.02592717563475842,4485
HCC22-088-P3-S2,VIM,0.15118329768113153,0.07023154623935948,4485
HCC22-088-P3-S2,KRT5,0.016621318455386135,-0.0016860443587109757,4485
HCC22-088-P3-S2,PCNA,0.14566905359772872,0.17159657846928225,4485
HCC22-088-P3-S2,CD274,0.0295944854076808,0.021757460971100064,4485
HCC22-088-P3-S2,PDCD1,-0.021941153450885667,-0.024643998325179908,4485
HCC22-088-P3-S2,ACTA2,0.31140492531930997,0.3043683188234657,4485
HCC22-088-P3-S2,BCL2,0.2933762591600796,0.31512386833387346,4485
HCC22-088-P3-S2,CD163,-0.03697709198693984,-0.0327975166397188,4485
HCC22-088-P3-S2,CR2,-0.026896097404457833,-0.027135739065876633,4485
HCC22-088-P3-S2,PAX5,0.014412146882971247,0.009823757990787196,4485
HCC22-088-P3-S2,SDC1,0.17185208373152233,0.19290463248561898,4485
HCC22-088-P3-S2,FCGR3A,0.102842415470178,0.06111371239783464,4485
HCC22-088-P3-S2,ITGAX,0.13087188934745408,0.13128116669142353,4485
HCC22-088-P3-S2,ITGAM,-0.08633603973698879,-0.09176961187854071,4485
HCC22-088-P3-S2,CCR7,-0.016195914942929046,-0.01454538359206047,4485
HCC22-088-P3-S2,CD27,-0.011767896250837327,-0.004718424571731408,4485
HCC22-088-P3-S2,CXCR5,-0.007418115165525593,-0.008620287261406907,4485
HCC22-088-P4-S1,CD3E,0.1093723469413124,0.09568935506598449,693
HCC22-088-P4-S1,CD4,-0.07790145326870088,-0.07389749461057732,693
HCC22-088-P4-S1,CD8A,0.07513635250890832,0.07604387793278108,693
HCC22-088-P4-S1,CD68,0.1909148577642333,0.1957195838000728,693
HCC22-088-P4-S1,CD14,-0.008181451650312453,-0.01217918533103212,693
HCC22-088-P4-S1,CD19,,,693
HCC22-088-P4-S1,MS4A1,,,693
HCC22-088-P4-S1,EPCAM,0.09655010728563278,0.10379897370334569,693
HCC22-088-P4-S1,PECAM1,0.0167778024916315,0.024901356739597088,693
HCC22-088-P4-S1,VIM,0.07121251526907997,0.153256998625135,693
HCC22-088-P4-S1,KRT5,-0.05500107077827576,-0.058259084690765364,693
HCC22-088-P4-S1,PCNA,0.05751696110921267,0.060887776222507024,693
HCC22-088-P4-S1,CD274,0.04130385382441073,0.05554343749313719,693
HCC22-088-P4-S1,PDCD1,-0.013838184716121683,-0.014235920055956724,693
HCC22-088-P4-S1,ACTA2,0.042436554631033005,0.04254215138813816,693
HCC22-088-P4-S1,BCL2,0.043526852112232915,0.052369086492469324,693
HCC22-088-P4-S1,CD163,-0.06015062013074529,-0.05553375897718081,693
HCC22-088-P4-S1,CR2,,,693
HCC22-088-P4-S1,PAX5,,,693
HCC22-088-P4-S1,SDC1,0.0035299959529503135,0.003666449589545255,693
HCC22-088-P4-S1,FCGR3A,0.06268740513227088,0.06515570623010376,693
HCC22-088-P4-S1,ITGAX,0.02805444240632555,0.022403093435657977,693
HCC22-088-P4-S1,ITGAM,0.009958705576688718,0.02213307975629501,693
HCC22-088-P4-S1,CCR7,-0.06519320313719293,-0.0713201095196356,693
HCC22-088-P4-S1,CD27,-0.06563426529405253,-0.08065393690076023,693
HCC22-088-P4-S1,CXCR5,-0.0022166124700155037,-0.04066479307294006,693
HCC22-088-P4-S2,CD3E,0.03185258295910005,0.029518651184021315,4747
HCC22-088-P4-S2,CD4,-0.023320875074596507,-0.027869703870578397,4747
HCC22-088-P4-S2,CD8A,0.07732574527271285,0.07190555356289934,4747
HCC22-088-P4-S2,CD68,0.15022005836003388,0.1508236175496222,4747
HCC22-088-P4-S2,CD14,0.07886520903454616,0.05102136879347528,4747
HCC22-088-P4-S2,CD19,-0.0038494875882874543,-0.0025944879202038024,4747
HCC22-088-P4-S2,MS4A1,0.03020141797188579,0.02821973436919421,4747
HCC22-088-P4-S2,EPCAM,0.14563754826259775,0.15304733955068275,4747
HCC22-088-P4-S2,PECAM1,0.13401994484245083,0.1312045180197915,4747
HCC22-088-P4-S2,VIM,0.1334365458162924,0.5241822444651735,4747
HCC22-088-P4-S2,KRT5,0.01837295040069709,0.012451341352696288,4747
HCC22-088-P4-S2,PCNA,0.1213659206772458,0.12991457768441333,4747
HCC22-088-P4-S2,CD274,0.019083842605111083,0.020176732577679088,4747
HCC22-088-P4-S2,PDCD1,-0.0344174217667611,-0.03962292789272155,4747
HCC22-088-P4-S2,ACTA2,0.3092267102373623,0.32873655297461546,4747
HCC22-088-P4-S2,BCL2,0.10007774525806842,0.10923653074969025,4747
HCC22-088-P4-S2,CD163,0.09528232706912955,0.09988203687112175,4747
HCC22-088-P4-S2,CR2,0.014131532409467386,0.014683819692978085,4747
HCC22-088-P4-S2,PAX5,0.02755473262441812,0.022100373363888724,4747
HCC22-088-P4-S2,SDC1,0.2125824406695411,0.17151294699618586,4747
HCC22-088-P4-S2,FCGR3A,0.02461329753797608,-0.0007992363727770844,4747
HCC22-088-P4-S2,ITGAX,0.09720585989230186,0.10030762164865595,4747
HCC22-088-P4-S2,ITGAM,-0.05418714022124038,-0.058100995516477696,4747
HCC22-088-P4-S2,CCR7,-0.026911191477514806,-0.026936149241297596,4747
HCC22-088-P4-S2,CD27,-0.022911983767151263,-0.025162608113269723,4747
HCC22-088-P4-S2,CXCR5,-0.0015338576488370219,0.01245287622618231,4747
HCC22-088-P4-S2_1i_rep,CD3E,0.015263425574534056,0.01542281532020717,2590
HCC22-088-P4-S2_1i_rep,CD4,-0.014513470404407931,-0.01992827035601789,2590
HCC22-088-P4-S2_1i_rep,CD8A,-0.014480990068583968,-0.013705637543959157,2590
HCC22-088-P4-S2_1i_rep,CD68,0.019439688389200044,0.012110630359439566,2590
HCC22-088-P4-S2_1i_rep,CD14,-0.0034858553722819305,-0.002891644673396642,2590
HCC22-088-P4-S2_1i_rep,CD19,-0.024391642520179082,-0.02798939288059082,2590
HCC22-088-P4-S2_1i_rep,MS4A1,0.0012839977745010452,0.014442214539820248,2590
HCC22-088-P4-S2_1i_rep,EPCAM,0.06481981620202402,0.0748601265588598,2590
HCC22-088-P4-S2_1i_rep,PECAM1,0.011203011248482555,0.018309385065825887,2590
HCC22-088-P4-S2_1i_rep,VIM,0.0631371144705845,0.15569630279886085,2590
HCC22-088-P4-S2_1i_rep,KRT5,0.05777972031989616,0.051037381407143846,2590
HCC22-088-P4-S2_1i_rep,PCNA,0.04731185618739729,0.049811395611500296,2590
HCC22-088-P4-S2_1i_rep,CD274,0.019522563997431852,0.02332636039683648,2590
HCC22-088-P4-S2_1i_rep,PDCD1,0.01075234912120819,0.011286475914750325,2590
HCC22-088-P4-S2_1i_rep,ACTA2,0.13326840140247628,0.13519551158132637,2590
HCC22-088-P4-S2_1i_rep,BCL2,0.05707292783015472,0.06166234146054203,2590
HCC22-088-P4-S2_1i_rep,CD163,0.0008833392553003992,0.004895064483631276,2590
HCC22-088-P4-S2_1i_rep,CR2,,,2590
HCC22-088-P4-S2_1i_rep,PAX5,-0.02499872216796968,-0.0284913623382176,2590
HCC22-088-P4-S2_1i_rep,SDC1,0.0438883049841708,0.0448997440309971,2590
HCC22-088-P4-S2_1i_rep,FCGR3A,0.03680449951922053,0.035462818777918174,2590
HCC22-088-P4-S2_1i_rep,ITGAX,0.049714199608457466,0.05861951894601383,2590
HCC22-088-P4-S2_1i_rep,ITGAM,-0.0034121807066176124,0.0009655034128401097,2590
HCC22-088-P4-S2_1i_rep,CCR7,-0.020387600027231334,-0.025149049825948615,2590
HCC22-088-P4-S2_1i_rep,CD27,-0.021246315855204062,-0.023215928345717434,2590
HCC22-088-P4-S2_1i_rep,CXCR5,,,2590
HCC22-088-P5-S1,CD3E,0.03717503888402157,0.02190798271925888,1170
HCC22-088-P5-S1,CD4,-0.12464682041038516,-0.13424399277511898,1170
HCC22-088-P5-S1,CD8A,0.023538861348390935,0.018882457028277684,1170
HCC22-088-P5-S1,CD68,0.01775098104949064,0.027390342855265343,1170
HCC22-088-P5-S1,CD14,-0.004160099714104554,-0.003827575106651477,1170
HCC22-088-P5-S1,CD19,-0.05245771177845598,-0.06205581659115826,1170
HCC22-088-P5-S1,MS4A1,-0.015342887387395563,-0.0560852890887225,1170
HCC22-088-P5-S1,EPCAM,0.18028595462937358,0.18744222507287103,1170
HCC22-088-P5-S1,PECAM1,0.10812846791609552,0.10888864834243434,1170
HCC22-088-P5-S1,VIM,0.2951311629895944,0.45308593066909575,1170
HCC22-088-P5-S1,KRT5,0.13233153982890994,0.13181314509568834,1170
HCC22-088-P5-S1,PCNA,0.07154015156663132,0.09839534874511045,1170
HCC22-088-P5-S1,CD274,0.03075430573200416,0.03767770990283731,1170
HCC22-088-P5-S1,PDCD1,0.032505485201684815,0.036067220094719306,1170
HCC22-088-P5-S1,ACTA2,0.1818997122242022,0.1806755820263325,1170
HCC22-088-P5-S1,BCL2,0.18991893300976564,0.1993945500595099,1170
HCC22-088-P5-S1,CD163,-0.04125896359968317,-0.04387668522887115,1170
HCC22-088-P5-S1,CR2,,,1170
HCC22-088-P5-S1,PAX5,-0.022214471714521764,-0.021605693670185992,1170
HCC22-088-P5-S1,SDC1,0.08425088092052976,0.11147234948726813,1170
HCC22-088-P5-S1,FCGR3A,0.018328909952412382,-0.010293032531338252,1170
HCC22-088-P5-S1,ITGAX,-0.02203272385146318,-0.01874958402756906,1170
HCC22-088-P5-S1,ITGAM,-0.01062412935091022,-0.017668173336089877,1170
HCC22-088-P5-S1,CCR7,0.0022343893188184975,0.011127770812012307,1170
HCC22-088-P5-S1,CD27,-0.034194283241236814,-0.03491763814697078,1170
HCC22-088-P5-S1,CXCR5,-0.004836717959625618,-0.03177320125913639,1170
HCC22-088-P5-S2,CD3E,-0.033120683186816116,-0.03758949302287068,3598
HCC22-088-P5-S2,CD4,-0.04418829656670934,-0.061181495021947786,3598
HCC22-088-P5-S2,CD8A,-0.005066638438769828,0.015388555887755232,3598
HCC22-088-P5-S2,CD68,0.040042203236666365,0.021474211935937,3598
HCC22-088-P5-S2,CD14,-0.021234150244063006,-0.02815249733222894,3598
HCC22-088-P5-S2,CD19,-0.009150558879405229,-0.009583248648936876,3598
HCC22-088-P5-S2,MS4A1,0.013008478962622375,-0.0018147274257599014,3598
HCC22-088-P5-S2,EPCAM,-0.02571196260792097,-0.003948971417118231,3598
HCC22-088-P5-S2,PECAM1,0.030645677564990967,0.0070956896843822,3598
HCC22-088-P5-S2,VIM,0.06359672010779274,0.2423118548341934,3598
HCC22-088-P5-S2,KRT5,0.14295425165651354,0.17115850829956933,3598
HCC22-088-P5-S2,PCNA,0.022733185414756732,0.03527209736166267,3598
HCC22-088-P5-S2,CD274,0.007391106428547513,-0.0012489720483794121,3598
HCC22-088-P5-S2,PDCD1,0.014148420507450717,-0.00785341815414304,3598
HCC22-088-P5-S2,ACTA2,0.176775290450906,0.19232588305912876,3598
HCC22-088-P5-S2,BCL2,-0.011450244181257657,-0.0023466339275896742,3598
HCC22-088-P5-S2,CD163,-0.012441233397076581,-0.016577621174407156,3598
HCC22-088-P5-S2,CR2,-0.022030113585579703,-0.026768565873104277,3598
HCC22-088-P5-S2,PAX5,-0.007993629189735089,-0.0007867505513566576,3598
HCC22-088-P5-S2,SDC1,0.09360694898040131,0.10121174005177108,3598
HCC22-088-P5-S2,FCGR3A,-0.01072415997476042,-0.02923944266359318,3598
HCC22-088-P5-S2,ITGAX,0.008114663002793891,-0.021602040127493956,3598
HCC22-088-P5-S2,ITGAM,-0.009056513246317802,-0.007613672985451788,3598
HCC22-088-P5-S2,CCR7,-0.04726694252618546,-0.05865721558745251,3598
HCC22-088-P5-S2,CD27,-0.02387313160229257,-0.02573247515999456,3598
HCC22-088-P5-S2,CXCR5,0.006928253576804317,0.0076923281549089095,3598
HCC22-088-P5-S2_F_rep,CD3E,0.03598060070818588,0.03793741583840998,4343
HCC22-088-P5-S2_F_rep,CD4,0.006439784477284969,0.005679088442324175,4343
HCC22-088-P5-S2_F_rep,CD8A,0.016085244325753544,0.017544247364389493,4343
HCC22-088-P5-S2_F_rep,CD68,0.08649739715231045,0.08753360527054846,4343
HCC22-088-P5-S2_F_rep,CD14,0.046490122290359495,0.03024765995383102,4343
HCC22-088-P5-S2_F_rep,CD19,0.0006019906654898116,0.0019151740685955303,4343
HCC22-088-P5-S2_F_rep,MS4A1,-0.013454392960408984,-0.01755870799045184,4343
HCC22-088-P5-S2_F_rep,EPCAM,0.016954462937239696,0.029447300138366894,4343
HCC22-088-P5-S2_F_rep,PECAM1,0.05189297602421355,0.05504395364876071,4343
HCC22-088-P5-S2_F_rep,VIM,0.08319163141809402,0.28319201512257314,4343
HCC22-088-P5-S2_F_rep,KRT5,0.0004603226923146639,-0.0004977393114744416,4343
HCC22-088-P5-S2_F_rep,PCNA,0.14035452601297593,0.14735130669052374,4343
HCC22-088-P5-S2_F_rep,CD274,-0.007603891668886311,-0.0027988886715296546,4343
HCC22-088-P5-S2_F_rep,PDCD1,0.004935187454408894,0.003801231274265223,4343
HCC22-088-P5-S2_F_rep,ACTA2,0.24343760624217853,0.25100232498822467,4343
HCC22-088-P5-S2_F_rep,BCL2,0.0766523158463349,0.08441683332705995,4343
HCC22-088-P5-S2_F_rep,CD163,0.08706143974600755,0.07394876820158074,4343
HCC22-088-P5-S2_F_rep,CR2,-0.022725472794975964,-0.008977679402334049,4343
HCC22-088-P5-S2_F_rep,PAX5,-0.014723110071743623,-0.0107673381760469,4343
HCC22-088-P5-S2_F_rep,SDC1,0.03332589642591213,0.027494432605329158,4343
HCC22-088-P5-S2_F_rep,FCGR3A,0.04956348139893402,0.04823486779578819,4343
HCC22-088-P5-S2_F_rep,ITGAX,0.018396130750939245,0.01623386223042921,4343
HCC22-088-P5-S2_F_rep,ITGAM,-0.0056716080014437,-0.011464068170204093,4343
HCC22-088-P5-S2_F_rep,CCR7,-0.009407580329727236,-0.01372431605451673,4343
HCC22-088-P5-S2_F_rep,CD27,-0.005907845741571467,-0.007443438773387865,4343
HCC22-088-P5-S2_F_rep,CXCR5,0.0058967317403342155,0.0018044277515002899,4343
HCC22-088-P6-S1,CD3E,0.03805801307359193,0.05678922517050223,294
HCC22-088-P6-S1,CD4,-0.008710914580452603,-0.02843078203318524,294
HCC22-088-P6-S1,CD8A,0.014944774687758166,0.022606952394040522,294
HCC22-088-P6-S1,CD68,0.021373566745777305,0.0053790177138072544,294
HCC22-088-P6-S1,CD14,-0.016229985603929655,-0.01607790573906711,294
HCC22-088-P6-S1,CD19,-0.012922485697632977,-0.01273455352308232,294
HCC22-088-P6-S1,MS4A1,-0.02560043055569888,-0.031189545488710932,294
HCC22-088-P6-S1,EPCAM,0.14306444672890267,0.17125312756422897,294
HCC22-088-P6-S1,PECAM1,0.07707920271477325,0.09797159535090012,294
HCC22-088-P6-S1,VIM,-0.09780606899285905,0.11035135858525141,294
HCC22-088-P6-S1,KRT5,0.019467972265352244,0.025952501926277776,294
HCC22-088-P6-S1,PCNA,-0.017243229614913452,0.060412301409226515,294
HCC22-088-P6-S1,CD274,-0.004870243636133954,-0.06400764064881626,294
HCC22-088-P6-S1,PDCD1,-0.05748919131284059,-0.07812820674972126,294
HCC22-088-P6-S1,ACTA2,0.16100394626412365,0.18486158466157288,294
HCC22-088-P6-S1,BCL2,0.1986413764875287,0.19589562079355244,294
HCC22-088-P6-S1,CD163,-0.02325249182052193,0.0007355652865025042,294
HCC22-088-P6-S1,CR2,-0.008818771594808296,0.003915484495073457,294
HCC22-088-P6-S1,PAX5,0.07653426046292447,0.06396669189490611,294
HCC22-088-P6-S1,SDC1,0.12809387794404622,0.1236274754093028,294
HCC22-088-P6-S1,FCGR3A,0.037557836017816315,-0.00035573705257593857,294
HCC22-088-P6-S1,ITGAX,0.014559239273859655,0.024346447420993855,294
HCC22-088-P6-S1,ITGAM,-0.030470389355313036,-0.02988520674716721,294
HCC22-088-P6-S1,CCR7,-0.04537468961823293,-0.04352307288805922,294
HCC22-088-P6-S1,CD27,,,294
HCC22-088-P6-S1,CXCR5,-0.03927374809389261,-0.054733543426566715,294
HCC22-088-P6-S2_D,CD3E,-0.021221770443586332,-0.02610965872488847,4766
HCC22-088-P6-S2_D,CD4,0.043664445438255664,0.05008278885719445,4766
HCC22-088-P6-S2_D,CD8A,0.005487493934871267,0.012344902553362028,4766
HCC22-088-P6-S2_D,CD68,0.07737418849681238,0.07440183561560751,4766
HCC22-088-P6-S2_D,CD14,0.06749293539972237,0.08360415137645516,4766
HCC22-088-P6-S2_D,CD19,0.008948808402283702,0.009056931551675671,4766
HCC22-088-P6-S2_D,MS4A1,-0.030648214385300222,-0.035408218185355375,4766
HCC22-088-P6-S2_D,EPCAM,0.04877122444713161,0.08093159879505857,4766
HCC22-088-P6-S2_D,PECAM1,0.1326699391623175,0.15247358907312206,4766
HCC22-088-P6-S2_D,VIM,-0.1152200415048023,0.10845500671978435,4766
HCC22-088-P6-S2_D,KRT5,0.21639945946400435,0.26794829788591906,4766
HCC22-088-P6-S2_D,PCNA,0.0951750235651728,0.11189417865834873,4766
HCC22-088-P6-S2_D,CD274,0.022380159196877445,0.0387887128734274,4766
HCC22-088-P6-S2_D,PDCD1,-0.025340540672206088,-0.035771630818009326,4766
HCC22-088-P6-S2_D,ACTA2,0.3893806039597513,0.3864539806837664,4766
HCC22-088-P6-S2_D,BCL2,-0.03948183781568117,-0.03401341056320465,4766
HCC22-088-P6-S2_D,CD163,-0.0058532468587223566,-0.0029913176973991712,4766
HCC22-088-P6-S2_D,CR2,-0.005115965676364555,-0.007224865057200447,4766
HCC22-088-P6-S2_D,PAX5,0.016956490746518022,-0.008309034981345435,4766
HCC22-088-P6-S2_D,SDC1,0.18924581602651655,0.16749985697429431,4766
HCC22-088-P6-S2_D,FCGR3A,0.0772621503841961,0.07445146686248397,4766
HCC22-088-P6-S2_D,ITGAX,0.07561740012177268,0.08566743544955752,4766
HCC22-088-P6-S2_D,ITGAM,-0.013185389168601083,-0.01885324319994058,4766
HCC22-088-P6-S2_D,CCR7,-0.00784593411553089,-0.012984366211003807,4766
HCC22-088-P6-S2_D,CD27,-0.028076898061303944,-0.0395522465506009,4766
HCC22-088-P6-S2_D,CXCR5,0.022185785621299657,0.017118578887362217,4766
