I,pval_norm,var_norm,pval_z_sim,pval_sim,var_sim,pval_norm_fdr_bh,pval_z_sim_fdr_bh,pval_sim_fdr_bh,protein,sample,feature
0.6509707649762513,0.0,0.0009397528,0.0,0.005,0.0011124917751823215,0.0,0.0,0.005,VIM-1,HCC22-088-P1-S1,VIM
0.6439607893044257,0.0,0.0009397528,0.0,0.005,0.0010549830817123843,0.0,0.0,0.005,HLA-DRA,HCC22-088-P1-S1,HLA
0.64051964382178,0.0,0.0009397528,0.0,0.005,0.00113837900590377,0.0,0.0,0.005,CD14-1,HCC22-088-P1-S1,CD14
0.6155719047707104,0.0,0.0009397528,0.0,0.005,0.0010148663715222929,0.0,0.0,0.005,CD40-1,HCC22-088-P1-S1,CD40
0.5814063512326204,0.0,0.0009397528,0.0,0.005,0.0009211699789411908,0.0,0.0,0.005,PTPRC-2,HCC22-088-P1-S1,PTPRC
0.5790439900266132,0.0,0.0009397528,0.0,0.005,0.000954551169963544,0.0,0.0,0.005,CD163-1,HCC22-088-P1-S1,CD163
0.5668752979604191,0.0,0.0009397528,0.0,0.005,0.001065195534636437,0.0,0.0,0.005,CD68-1,HCC22-088-P1-S1,CD68
0.563281990961806,0.0,0.0009397528,0.0,0.005,0.000892276283674482,0.0,0.0,0.005,CD3E-1,HCC22-088-P1-S1,CD3E
0.5501833610654723,0.0,0.0009397528,0.0,0.005,0.0009454355629838372,0.0,0.0,0.005,CR2-1,HCC22-088-P1-S1,CR2
0.5445528633768781,0.0,0.0009397528,0.0,0.005,0.0010383422366480241,0.0,0.0,0.005,CXCR5-1,HCC22-088-P1-S1,CXCR5
0.5418617250210568,0.0,0.0009397528,0.0,0.005,0.001033873165535786,0.0,0.0,0.005,PDCD1-1,HCC22-088-P1-S1,PDCD1
0.5355611045937824,0.0,0.0009397528,0.0,0.005,0.0008385156218507623,0.0,0.0,0.005,CD19-1,HCC22-088-P1-S1,CD19
0.5323908050402109,0.0,0.0009397528,0.0,0.005,0.0009584154767610823,0.0,0.0,0.005,MS4A1-1,HCC22-088-P1-S1,MS4A1
0.5285030614264675,0.0,0.0009397528,0.0,0.005,0.0009689376099425343,0.0,0.0,0.005,CD27-1,HCC22-088-P1-S1,CD27
0.5007937927069347,0.0,0.0009397528,0.0,0.005,0.0008415238452354606,0.0,0.0,0.005,ITGAX-1,HCC22-088-P1-S1,ITGAX
0.4915511616812197,0.0,0.0009397528,0.0,0.005,0.0009180729509189001,0.0,0.0,0.005,PTPRC-1,HCC22-088-P1-S1,PTPRC
0.48571190053189633,0.0,0.0009397528,0.0,0.005,0.0007807636239634624,0.0,0.0,0.005,CD8A-1,HCC22-088-P1-S1,CD8A
0.4611559455847724,0.0,0.0009397528,0.0,0.005,0.0008212813348918646,0.0,0.0,0.005,rat_IgG2a,HCC22-088-P1-S1,rat_IgG2a
0.45413853742630084,0.0,0.0009397528,0.0,0.005,0.000900641112047317,0.0,0.0,0.005,CCR7-1,HCC22-088-P1-S1,CCR7
0.4378085919937363,0.0,0.0009397528,0.0,0.005,0.0009350783591367007,0.0,0.0,0.005,CD4-1,HCC22-088-P1-S1,CD4
0.43052774697812657,0.0,0.0009397528,0.0,0.005,0.0008928125206065123,0.0,0.0,0.005,mouse_IgG1k,HCC22-088-P1-S1,mouse_IgG1k
0.4300231931737638,0.0,0.0009397528,0.0,0.005,0.0008448505615708452,0.0,0.0,0.005,EPCAM-1,HCC22-088-P1-S1,EPCAM
0.4172517155463005,0.0,0.0009397528,0.0,0.005,0.0008897056694506357,0.0,0.0,0.005,ITGAM-1,HCC22-088-P1-S1,ITGAM
0.3898162513365162,0.0,0.0009397528,0.0,0.005,0.0008949081273578557,0.0,0.0,0.005,PECAM1-1,HCC22-088-P1-S1,PECAM1
0.3609951582640918,0.0,0.0009397528,0.0,0.005,0.0008150254013317949,0.0,0.0,0.005,PCNA-1,HCC22-088-P1-S1,PCNA
0.34736866387079085,0.0,0.0009397528,0.0,0.005,0.0007666043549946057,0.0,0.0,0.005,BCL2-1,HCC22-088-P1-S1,BCL2
0.3295152609239286,0.0,0.0009397528,0.0,0.005,0.0009281220144806084,0.0,0.0,0.005,mouse_IgG2a,HCC22-088-P1-S1,mouse_IgG2a
0.3293672136504605,0.0,0.0009397528,0.0,0.005,0.0008581400098304687,0.0,0.0,0.005,ACTA2-1,HCC22-088-P1-S1,ACTA2
0.26939244767586534,0.0,0.0009397528,0.0,0.005,0.0007537934848307283,0.0,0.0,0.005,KRT5-1,HCC22-088-P1-S1,KRT5
0.17035075667146274,1.034315244563544e-08,0.0009397528,1.2175815911064092e-11,0.005,0.0006358616700748127,1.206701118657468e-08,1.4205118562908108e-11,0.005,CEACAM8-1,HCC22-088-P1-S1,CEACAM8
0.15457782230712125,1.7749227498864428e-07,0.0009397528,1.1770628915996895e-10,0.005,0.0006283742225884289,2.003945040194371e-07,1.3289419743867462e-10,0.005,PAX5-1,HCC22-088-P1-S1,PAX5
0.13688574687066718,3.1731723623140695e-06,0.0009397528,1.5342220605063517e-08,0.005,0.0006160710594876934,3.4706572712810135e-06,1.678055378678822e-08,0.005,SDC1-1,HCC22-088-P1-S1,SDC1
0.1318773292633261,6.771838105379402e-06,0.0009397528,1.454381831633711e-07,0.005,0.0006853327356216427,7.182252536008456e-06,1.542526185066057e-07,0.005,CD274-1,HCC22-088-P1-S1,CD274
0.12887354442560653,1.0539402189202463e-05,0.0009397528,1.9343317181341746e-07,0.005,0.0006370086067187006,1.0849384606531946e-05,1.991223827491062e-07,0.005,FCGR3A-1,HCC22-088-P1-S1,FCGR3A
0.07621717983260973,0.005615005453854072,0.0009397528,0.0005947517915101397,0.005,0.0005478380773350039,0.005615005453854072,0.0005947517915101397,0.005,mouse_IgG2bk,HCC22-088-P1-S1,mouse_IgG2bk
0.8483676725780097,0.0,0.000106633386,0.0,0.005,0.0001582559792028177,0.0,0.0,0.005,VIM-1,HCC22-088-P1-S2,VIM
0.8376132833699794,0.0,0.000106633386,0.0,0.005,0.00015423876688065485,0.0,0.0,0.005,ACTA2-1,HCC22-088-P1-S2,ACTA2
0.8253505447902728,0.0,0.000106633386,0.0,0.005,0.000145466935867609,0.0,0.0,0.005,HLA-DRA,HCC22-088-P1-S2,HLA
0.8122783046329248,0.0,0.000106633386,0.0,0.005,0.0001594331586872041,0.0,0.0,0.005,SDC1-1,HCC22-088-P1-S2,SDC1
0.7519883166130475,0.0,0.000106633386,0.0,0.005,0.000152847288215232,0.0,0.0,0.005,EPCAM-1,HCC22-088-P1-S2,EPCAM
0.748999680706454,0.0,0.000106633386,0.0,0.005,0.00017282562575086414,0.0,0.0,0.005,BCL2-1,HCC22-088-P1-S2,BCL2
0.7171520180867107,0.0,0.000106633386,0.0,0.005,0.0001597755811998356,0.0,0.0,0.005,PCNA-1,HCC22-088-P1-S2,PCNA
0.6402983613333455,0.0,0.000106633386,0.0,0.005,0.00014911137702048975,0.0,0.0,0.005,CD68-1,HCC22-088-P1-S2,CD68
0.6223622665511843,0.0,0.000106633386,0.0,0.005,0.00012302844336565836,0.0,0.0,0.005,CD4-1,HCC22-088-P1-S2,CD4
0.6217845718027823,0.0,0.000106633386,0.0,0.005,0.00012356861001477622,0.0,0.0,0.005,CR2-1,HCC22-088-P1-S2,CR2
0.612770169490755,0.0,0.000106633386,0.0,0.005,0.00016581357310122756,0.0,0.0,0.005,CD19-1,HCC22-088-P1-S2,CD19
0.5890149156248995,0.0,0.000106633386,0.0,0.005,0.0001420074889823232,0.0,0.0,0.005,ITGAX-1,HCC22-088-P1-S2,ITGAX
0.5595594338004638,0.0,0.000106633386,0.0,0.005,0.00012365309780269516,0.0,0.0,0.005,ITGAM-1,HCC22-088-P1-S2,ITGAM
0.5421899111159832,0.0,0.000106633386,0.0,0.005,0.00013683116967126786,0.0,0.0,0.005,CD40-1,HCC22-088-P1-S2,CD40
0.4953297757404294,0.0,0.000106633386,0.0,0.005,0.00011945378642925253,0.0,0.0,0.005,CCR7-1,HCC22-088-P1-S2,CCR7
0.4909141728806691,0.0,0.000106633386,0.0,0.005,0.000130352235853663,0.0,0.0,0.005,PDCD1-1,HCC22-088-P1-S2,PDCD1
0.45856842042823465,0.0,0.000106633386,0.0,0.005,0.00010711626562034139,0.0,0.0,0.005,PTPRC-2,HCC22-088-P1-S2,PTPRC
0.453242239645471,0.0,0.000106633386,0.0,0.005,9.587205320613675e-05,0.0,0.0,0.005,CD163-1,HCC22-088-P1-S2,CD163
0.4482057714342135,0.0,0.000106633386,0.0,0.005,0.00010565941462567846,0.0,0.0,0.005,CD14-1,HCC22-088-P1-S2,CD14
0.4303682453863557,0.0,0.000106633386,0.0,0.005,9.31557098885848e-05,0.0,0.0,0.005,CD27-1,HCC22-088-P1-S2,CD27
0.40832455859337186,0.0,0.000106633386,0.0,0.005,0.00010583456485657849,0.0,0.0,0.005,rat_IgG2a,HCC22-088-P1-S2,rat_IgG2a
0.3923071666116552,0.0,0.000106633386,0.0,0.005,0.000123256631610149,0.0,0.0,0.005,PTPRC-1,HCC22-088-P1-S2,PTPRC
0.37498067448392863,0.0,0.000106633386,0.0,0.005,0.00010581925398326377,0.0,0.0,0.005,CD3E-1,HCC22-088-P1-S2,CD3E
0.3302646171437634,0.0,0.000106633386,0.0,0.005,8.921019291870198e-05,0.0,0.0,0.005,PECAM1-1,HCC22-088-P1-S2,PECAM1
0.32750976275305455,0.0,0.000106633386,0.0,0.005,9.234204594917236e-05,0.0,0.0,0.005,MS4A1-1,HCC22-088-P1-S2,MS4A1
0.3236858422086246,0.0,0.000106633386,0.0,0.005,9.977195358465246e-05,0.0,0.0,0.005,CXCR5-1,HCC22-088-P1-S2,CXCR5
0.32203718017748506,0.0,0.000106633386,0.0,0.005,0.00010261017324527233,0.0,0.0,0.005,mouse_IgG1k,HCC22-088-P1-S2,mouse_IgG1k
0.2976379886049192,0.0,0.000106633386,0.0,0.005,8.657059785857232e-05,0.0,0.0,0.005,mouse_IgG2a,HCC22-088-P1-S2,mouse_IgG2a
0.2872768453531736,0.0,0.000106633386,0.0,0.005,8.97209923942408e-05,0.0,0.0,0.005,CD8A-1,HCC22-088-P1-S2,CD8A
0.2812969363070931,0.0,0.000106633386,0.0,0.005,9.726551935270095e-05,0.0,0.0,0.005,KRT5-1,HCC22-088-P1-S2,KRT5
0.2480066468050705,0.0,0.000106633386,0.0,0.005,8.887520193358611e-05,0.0,0.0,0.005,CD274-1,HCC22-088-P1-S2,CD274
0.18425501691316015,0.0,0.000106633386,0.0,0.005,6.353176537251959e-05,0.0,0.0,0.005,FCGR3A-1,HCC22-088-P1-S2,FCGR3A
0.1750097495052153,0.0,0.000106633386,0.0,0.005,7.919948705764674e-05,0.0,0.0,0.005,PAX5-1,HCC22-088-P1-S2,PAX5
0.17192505833774724,0.0,0.000106633386,0.0,0.005,7.932993761547564e-05,0.0,0.0,0.005,CEACAM8-1,HCC22-088-P1-S2,CEACAM8
0.1285684001256528,0.0,0.000106633386,0.0,0.005,7.266682852152635e-05,0.0,0.0,0.005,mouse_IgG2bk,HCC22-088-P1-S2,mouse_IgG2bk
0.8164737956130259,0.0,0.00027415456,0.0,0.005,0.00036970266229276216,0.0,0.0,0.005,KRT5-1,HCC22-088-P2-S1,KRT5
0.6845562896065784,0.0,0.00027415456,0.0,0.005,0.0003495728160644746,0.0,0.0,0.005,CD19-1,HCC22-088-P2-S1,CD19
0.6621277193862443,0.0,0.00027415456,0.0,0.005,0.0003081909580909307,0.0,0.0,0.005,ACTA2-1,HCC22-088-P2-S1,ACTA2
0.6414356188863696,0.0,0.00027415456,0.0,0.005,0.0003284290573494264,0.0,0.0,0.005,HLA-DRA,HCC22-088-P2-S1,HLA
0.6371812722084825,0.0,0.00027415456,0.0,0.005,0.000353370767503286,0.0,0.0,0.005,VIM-1,HCC22-088-P2-S1,VIM
0.6273473540055894,0.0,0.00027415456,0.0,0.005,0.00032406094555674546,0.0,0.0,0.005,CD68-1,HCC22-088-P2-S1,CD68
0.594033770535864,0.0,0.00027415456,0.0,0.005,0.0003491852792153841,0.0,0.0,0.005,ITGAX-1,HCC22-088-P2-S1,ITGAX
0.5924771728576108,0.0,0.00027415456,0.0,0.005,0.00033664455968521585,0.0,0.0,0.005,CD14-1,HCC22-088-P2-S1,CD14
0.5705008253280889,0.0,0.00027415456,0.0,0.005,0.0002730756989268559,0.0,0.0,0.005,BCL2-1,HCC22-088-P2-S1,BCL2
0.5187728164364382,0.0,0.00027415456,0.0,0.005,0.00032178407091319424,0.0,0.0,0.005,SDC1-1,HCC22-088-P2-S1,SDC1
0.4736622995723366,0.0,0.00027415456,0.0,0.005,0.0002371348820906592,0.0,0.0,0.005,ITGAM-1,HCC22-088-P2-S1,ITGAM
0.44408106712945977,0.0,0.00027415456,0.0,0.005,0.0002515909011371056,0.0,0.0,0.005,CD163-1,HCC22-088-P2-S1,CD163
0.4374597948698401,0.0,0.00027415456,0.0,0.005,0.00029896779240066697,0.0,0.0,0.005,PCNA-1,HCC22-088-P2-S1,PCNA
0.422989415492357,0.0,0.00027415456,0.0,0.005,0.00024957006992956074,0.0,0.0,0.005,CR2-1,HCC22-088-P2-S1,CR2
0.388467197126768,0.0,0.00027415456,0.0,0.005,0.000264849649404972,0.0,0.0,0.005,EPCAM-1,HCC22-088-P2-S1,EPCAM
0.3805699095837004,0.0,0.00027415456,0.0,0.005,0.0002763190721563073,0.0,0.0,0.005,CD3E-1,HCC22-088-P2-S1,CD3E
0.3733489942225719,0.0,0.00027415456,0.0,0.005,0.00018686543758500085,0.0,0.0,0.005,CD40-1,HCC22-088-P2-S1,CD40
0.3600863669373354,0.0,0.00027415456,0.0,0.005,0.00021309449369258127,0.0,0.0,0.005,CD4-1,HCC22-088-P2-S1,CD4
0.35966029445135805,0.0,0.00027415456,0.0,0.005,0.00023634289277855384,0.0,0.0,0.005,CCR7-1,HCC22-088-P2-S1,CCR7
0.3499875104763286,0.0,0.00027415456,0.0,0.005,0.00022352319502090846,0.0,0.0,0.005,CD27-1,HCC22-088-P2-S1,CD27
0.3156632181575926,0.0,0.00027415456,0.0,0.005,0.00023036332918080697,0.0,0.0,0.005,rat_IgG2a,HCC22-088-P2-S1,rat_IgG2a
0.31113390517686257,0.0,0.00027415456,0.0,0.005,0.00026377692128380886,0.0,0.0,0.005,PDCD1-1,HCC22-088-P2-S1,PDCD1
0.28639662494459805,0.0,0.00027415456,0.0,0.005,0.0002463372208315934,0.0,0.0,0.005,mouse_IgG1k,HCC22-088-P2-S1,mouse_IgG1k
0.27788523030517304,0.0,0.00027415456,0.0,0.005,0.0002177369838268737,0.0,0.0,0.005,PTPRC-1,HCC22-088-P2-S1,PTPRC
0.24351100937487763,0.0,0.00027415456,0.0,0.005,0.00017080199131457355,0.0,0.0,0.005,MS4A1-1,HCC22-088-P2-S1,MS4A1
0.2344947765921151,0.0,0.00027415456,0.0,0.005,0.0002077823805674883,0.0,0.0,0.005,PECAM1-1,HCC22-088-P2-S1,PECAM1
0.22344845245078906,0.0,0.00027415456,0.0,0.005,0.00021497069841304393,0.0,0.0,0.005,PTPRC-2,HCC22-088-P2-S1,PTPRC
0.19438444267431457,0.0,0.00027415456,0.0,0.005,0.0001780332805756999,0.0,0.0,0.005,mouse_IgG2a,HCC22-088-P2-S1,mouse_IgG2a
0.18564988653494213,0.0,0.00027415456,0.0,0.005,0.00019092683598765376,0.0,0.0,0.005,CD8A-1,HCC22-088-P2-S1,CD8A
0.17846774871275298,0.0,0.00027415456,0.0,0.005,0.0001951631825009767,0.0,0.0,0.005,CEACAM8-1,HCC22-088-P2-S1,CEACAM8
0.1360087762282919,1.1102230246251565e-16,0.00027415456,0.0,0.005,0.00019748119676293245,1.2534776084477575e-16,0.0,0.005,PAX5-1,HCC22-088-P2-S1,PAX5
0.13224616117065183,5.551115123125783e-16,0.00027415456,0.0,0.005,0.0001936669544576332,6.071532165918825e-16,0.0,0.005,CXCR5-1,HCC22-088-P2-S1,CXCR5
0.11881550732072856,2.901012763345534e-13,0.00027415456,0.0,0.005,0.0001785067493655267,3.076831718699809e-13,0.0,0.005,mouse_IgG2bk,HCC22-088-P2-S1,mouse_IgG2bk
0.11668512469305493,7.397416013077418e-13,0.00027415456,0.0,0.005,0.0001455677890714899,7.614987072285578e-13,0.0,0.005,FCGR3A-1,HCC22-088-P2-S1,FCGR3A
0.043322691086424184,0.004076609652111873,0.00027415456,0.00013275401415369092,0.005,0.0001459648381751975,0.004076609652111873,0.00013275401415369092,0.005,CD274-1,HCC22-088-P2-S1,CD274
0.8953124802173851,0.0,0.0001122002,0.0,0.005,0.00019410438505271937,0.0,0.0,0.005,KRT5-1,HCC22-088-P2-S2,KRT5
0.797013723157591,0.0,0.0001122002,0.0,0.005,0.000191937645296904,0.0,0.0,0.005,CD68-1,HCC22-088-P2-S2,CD68
0.7719960250792226,0.0,0.0001122002,0.0,0.005,0.0001421574646441725,0.0,0.0,0.005,CD19-1,HCC22-088-P2-S2,CD19
0.7680579327589796,0.0,0.0001122002,0.0,0.005,0.00017321682687847142,0.0,0.0,0.005,ITGAX-1,HCC22-088-P2-S2,ITGAX
0.7668753191973531,0.0,0.0001122002,0.0,0.005,0.00016657250700562786,0.0,0.0,0.005,ACTA2-1,HCC22-088-P2-S2,ACTA2
0.7618114156231423,0.0,0.0001122002,0.0,0.005,0.00015801343340438566,0.0,0.0,0.005,VIM-1,HCC22-088-P2-S2,VIM
0.7117203497567625,0.0,0.0001122002,0.0,0.005,0.00018733300126506537,0.0,0.0,0.005,BCL2-1,HCC22-088-P2-S2,BCL2
0.7082266947860869,0.0,0.0001122002,0.0,0.005,0.00014623641722589137,0.0,0.0,0.005,HLA-DRA,HCC22-088-P2-S2,HLA
0.6825241832996841,0.0,0.0001122002,0.0,0.005,0.00013254947246794932,0.0,0.0,0.005,SDC1-1,HCC22-088-P2-S2,SDC1
0.6202559329509227,0.0,0.0001122002,0.0,0.005,0.00014770750217241925,0.0,0.0,0.005,CD14-1,HCC22-088-P2-S2,CD14
0.5909551557659434,0.0,0.0001122002,0.0,0.005,0.00015207516367047498,0.0,0.0,0.005,EPCAM-1,HCC22-088-P2-S2,EPCAM
0.558549686921514,0.0,0.0001122002,0.0,0.005,0.00011697079529113786,0.0,0.0,0.005,ITGAM-1,HCC22-088-P2-S2,ITGAM
0.5408493470730934,0.0,0.0001122002,0.0,0.005,0.00012591744633037017,0.0,0.0,0.005,PCNA-1,HCC22-088-P2-S2,PCNA
0.480290363197064,0.0,0.0001122002,0.0,0.005,0.00010629504914371062,0.0,0.0,0.005,CD163-1,HCC22-088-P2-S2,CD163
0.46086347392783916,0.0,0.0001122002,0.0,0.005,0.00012849347231354272,0.0,0.0,0.005,CR2-1,HCC22-088-P2-S2,CR2
0.44950010360330034,0.0,0.0001122002,0.0,0.005,0.0001348540377159951,0.0,0.0,0.005,CD4-1,HCC22-088-P2-S2,CD4
0.44811565212284526,0.0,0.0001122002,0.0,0.005,9.8995068415325e-05,0.0,0.0,0.005,CCR7-1,HCC22-088-P2-S2,CCR7
0.4366831921806559,0.0,0.0001122002,0.0,0.005,0.0001041202321621212,0.0,0.0,0.005,PDCD1-1,HCC22-088-P2-S2,PDCD1
0.4352626468165981,0.0,0.0001122002,0.0,0.005,0.00012484537533255513,0.0,0.0,0.005,CD40-1,HCC22-088-P2-S2,CD40
0.43487363223734116,0.0,0.0001122002,0.0,0.005,0.0001276498611924644,0.0,0.0,0.005,CD3E-1,HCC22-088-P2-S2,CD3E
0.41276554187708825,0.0,0.0001122002,0.0,0.005,0.00014046935101551922,0.0,0.0,0.005,CD27-1,HCC22-088-P2-S2,CD27
0.3742954354802087,0.0,0.0001122002,0.0,0.005,8.334889331824562e-05,0.0,0.0,0.005,PECAM1-1,HCC22-088-P2-S2,PECAM1
0.3691153622355847,0.0,0.0001122002,0.0,0.005,0.00012644638602799806,0.0,0.0,0.005,mouse_IgG1k,HCC22-088-P2-S2,mouse_IgG1k
0.3575194039038997,0.0,0.0001122002,0.0,0.005,0.00010918037036524761,0.0,0.0,0.005,rat_IgG2a,HCC22-088-P2-S2,rat_IgG2a
0.3369574375675053,0.0,0.0001122002,0.0,0.005,0.00010573668931623504,0.0,0.0,0.005,PTPRC-1,HCC22-088-P2-S2,PTPRC
0.3029343114798542,0.0,0.0001122002,0.0,0.005,0.00011062406653191002,0.0,0.0,0.005,MS4A1-1,HCC22-088-P2-S2,MS4A1
0.26242199600850336,0.0,0.0001122002,0.0,0.005,7.696956878799255e-05,0.0,0.0,0.005,PTPRC-2,HCC22-088-P2-S2,PTPRC
0.2579495250628472,0.0,0.0001122002,0.0,0.005,9.138841982375984e-05,0.0,0.0,0.005,CD274-1,HCC22-088-P2-S2,CD274
0.2468707747209183,0.0,0.0001122002,0.0,0.005,8.336461576528903e-05,0.0,0.0,0.005,CD8A-1,HCC22-088-P2-S2,CD8A
0.22870491434142232,0.0,0.0001122002,0.0,0.005,7.659539754457005e-05,0.0,0.0,0.005,mouse_IgG2a,HCC22-088-P2-S2,mouse_IgG2a
0.21093778611670386,0.0,0.0001122002,0.0,0.005,8.247895179686008e-05,0.0,0.0,0.005,CXCR5-1,HCC22-088-P2-S2,CXCR5
0.18986077924769265,0.0,0.0001122002,0.0,0.005,8.218729648637293e-05,0.0,0.0,0.005,CEACAM8-1,HCC22-088-P2-S2,CEACAM8
0.17447714763878266,0.0,0.0001122002,0.0,0.005,7.591994636831924e-05,0.0,0.0,0.005,mouse_IgG2bk,HCC22-088-P2-S2,mouse_IgG2bk
0.15968552314518483,0.0,0.0001122002,0.0,0.005,8.656260102176818e-05,0.0,0.0,0.005,PAX5-1,HCC22-088-P2-S2,PAX5
0.1596210676204003,0.0,0.0001122002,0.0,0.005,7.427260358915303e-05,0.0,0.0,0.005,FCGR3A-1,HCC22-088-P2-S2,FCGR3A
0.7867061439883187,0.0,0.0013170234,0.0,0.005,0.002272365238592787,0.0,0.0,0.005303030303030303,VIM-1,HCC22-088-P3-S1_A,VIM
0.7013858418287836,0.0,0.0013170234,0.0,0.005,0.002325801057891027,0.0,0.0,0.005303030303030303,rat_IgG2a,HCC22-088-P3-S1_A,rat_IgG2a
0.6971412168709725,0.0,0.0013170234,0.0,0.005,0.001593756012056647,0.0,0.0,0.005303030303030303,HLA-DRA,HCC22-088-P3-S1_A,HLA
0.6649390541896993,0.0,0.0013170234,0.0,0.005,0.0021067444158507256,0.0,0.0,0.005303030303030303,PTPRC-2,HCC22-088-P3-S1_A,PTPRC
0.6526195184970709,0.0,0.0013170234,0.0,0.005,0.001851070251356082,0.0,0.0,0.005303030303030303,CR2-1,HCC22-088-P3-S1_A,CR2
0.6426246659953705,0.0,0.0013170234,0.0,0.005,0.001672784305112047,0.0,0.0,0.005303030303030303,PDCD1-1,HCC22-088-P3-S1_A,PDCD1
0.6234147230160477,0.0,0.0013170234,0.0,0.005,0.0020000471410197744,0.0,0.0,0.005303030303030303,PTPRC-1,HCC22-088-P3-S1_A,PTPRC
0.6095560454018611,0.0,0.0013170234,0.0,0.005,0.001597683906875065,0.0,0.0,0.005303030303030303,BCL2-1,HCC22-088-P3-S1_A,BCL2
0.5713614881290505,0.0,0.0013170234,0.0,0.005,0.0018838362972349192,0.0,0.0,0.005303030303030303,CD163-1,HCC22-088-P3-S1_A,CD163
0.5617342695302439,0.0,0.0013170234,0.0,0.005,0.0016756509642259832,0.0,0.0,0.005303030303030303,CCR7-1,HCC22-088-P3-S1_A,CCR7
0.5554696583701497,0.0,0.0013170234,0.0,0.005,0.0017064800225269077,0.0,0.0,0.005303030303030303,CD40-1,HCC22-088-P3-S1_A,CD40
0.5413032155175688,0.0,0.0013170234,0.0,0.005,0.0016200918725475524,0.0,0.0,0.005303030303030303,PECAM1-1,HCC22-088-P3-S1_A,PECAM1
0.5390486799826288,0.0,0.0013170234,0.0,0.005,0.0013503031377959844,0.0,0.0,0.005303030303030303,CXCR5-1,HCC22-088-P3-S1_A,CXCR5
0.5340677100798071,0.0,0.0013170234,0.0,0.005,0.0016483530593855897,0.0,0.0,0.005303030303030303,CD14-1,HCC22-088-P3-S1_A,CD14
0.5340449085555526,0.0,0.0013170234,0.0,0.005,0.0013340139469880643,0.0,0.0,0.005303030303030303,CD8A-1,HCC22-088-P3-S1_A,CD8A
0.5258440794634204,0.0,0.0013170234,0.0,0.005,0.0017835811777610565,0.0,0.0,0.005303030303030303,CD4-1,HCC22-088-P3-S1_A,CD4
0.5207960541175815,0.0,0.0013170234,0.0,0.005,0.0015562191788512142,0.0,0.0,0.005303030303030303,CD27-1,HCC22-088-P3-S1_A,CD27
0.517841795515426,0.0,0.0013170234,0.0,0.005,0.0014792439594389375,0.0,0.0,0.005303030303030303,CD68-1,HCC22-088-P3-S1_A,CD68
0.5074614317508392,0.0,0.0013170234,0.0,0.005,0.0013146267396668772,0.0,0.0,0.005303030303030303,ACTA2-1,HCC22-088-P3-S1_A,ACTA2
0.47041756608283986,0.0,0.0013170234,0.0,0.005,0.0013285090285857955,0.0,0.0,0.005303030303030303,MS4A1-1,HCC22-088-P3-S1_A,MS4A1
0.4597132246980564,0.0,0.0013170234,0.0,0.005,0.0013995135623328398,0.0,0.0,0.005303030303030303,CD3E-1,HCC22-088-P3-S1_A,CD3E
0.45560295156824765,0.0,0.0013170234,0.0,0.005,0.0015311621860874935,0.0,0.0,0.005303030303030303,KRT5-1,HCC22-088-P3-S1_A,KRT5
0.45216214661953835,0.0,0.0013170234,0.0,0.005,0.0010292992619849433,0.0,0.0,0.005303030303030303,EPCAM-1,HCC22-088-P3-S1_A,EPCAM
0.4392089829518432,0.0,0.0013170234,0.0,0.005,0.0014753799300773773,0.0,0.0,0.005303030303030303,mouse_IgG1k,HCC22-088-P3-S1_A,mouse_IgG1k
0.4251016831130272,0.0,0.0013170234,0.0,0.005,0.001435722231638943,0.0,0.0,0.005303030303030303,ITGAM-1,HCC22-088-P3-S1_A,ITGAM
0.42402464766206366,0.0,0.0013170234,0.0,0.005,0.0015772008404113826,0.0,0.0,0.005303030303030303,CD19-1,HCC22-088-P3-S1_A,CD19
0.4037000859317606,0.0,0.0013170234,0.0,0.005,0.0014467929747311095,0.0,0.0,0.005303030303030303,FCGR3A-1,HCC22-088-P3-S1_A,FCGR3A
0.32422563393488213,0.0,0.0013170234,0.0,0.005,0.0013989315446820071,0.0,0.0,0.005303030303030303,ITGAX-1,HCC22-088-P3-S1_A,ITGAX
0.2939454924296408,1.1102230246251565e-16,0.0013170234,0.0,0.005,0.0011565651126823411,1.339924340064844e-16,0.0,0.005303030303030303,mouse_IgG2a,HCC22-088-P3-S1_A,mouse_IgG2a
0.21800538484363988,6.267071306353955e-10,0.0013170234,2.786659791809143e-11,0.005,0.0010942738304752805,7.311583190746281e-10,3.2511030904440005e-11,0.005303030303030303,SDC1-1,HCC22-088-P3-S1_A,SDC1
0.17985397145402893,2.556966870459476e-07,0.0013170234,4.010928367215172e-09,0.005,0.0009985745041882932,2.8868980795510214e-07,4.5284675113719684e-09,0.005303030303030303,PCNA-1,HCC22-088-P3-S1_A,PCNA
0.1305788170783069,0.00012405526676351197,0.0013170234,7.122133194426006e-06,0.005,0.0009122515618446293,0.00013568544802259122,7.789833181403444e-06,0.005303030303030303,mouse_IgG2bk,HCC22-088-P3-S1_A,mouse_IgG2bk
0.12180315155896268,0.0003103690616448329,0.0013170234,8.806408951844702e-06,0.005,0.000809020202663443,0.0003291793078051258,9.340130706501958e-06,0.005303030303030303,PAX5-1,HCC22-088-P3-S1_A,PAX5
0.06209971727366919,0.03776368416757803,0.0013170234,0.021667927251847963,0.02,0.0008671130180037782,0.03887438076074209,0.022305219229843493,0.020588235294117647,CD274-1,HCC22-088-P3-S1_A,CD274
0.048838724197170315,0.07899862522733059,0.0013170234,0.04573519619546451,0.05,0.0008321447411462722,0.07899862522733059,0.04573519619546451,0.05,CEACAM8-1,HCC22-088-P3-S1_A,CEACAM8
0.8629522684981241,0.0,0.00011878352,0.0,0.005,0.00016030589892412493,0.0,0.0,0.005,KRT5-1,HCC22-088-P3-S2,KRT5
0.7888791564937493,0.0,0.00011878352,0.0,0.005,0.0001614598055094121,0.0,0.0,0.005,BCL2-1,HCC22-088-P3-S2,BCL2
0.7753277985413127,0.0,0.00011878352,0.0,0.005,0.00016434161040778213,0.0,0.0,0.005,ACTA2-1,HCC22-088-P3-S2,ACTA2
0.7555420571214218,0.0,0.00011878352,0.0,0.005,0.0001823262947729556,0.0,0.0,0.005,CD19-1,HCC22-088-P3-S2,CD19
0.7269231886036197,0.0,0.00011878352,0.0,0.005,0.0001511108139814527,0.0,0.0,0.005,HLA-DRA,HCC22-088-P3-S2,HLA
0.6932609022624658,0.0,0.00011878352,0.0,0.005,0.00016390042814812852,0.0,0.0,0.005,PCNA-1,HCC22-088-P3-S2,PCNA
0.69270019851666,0.0,0.00011878352,0.0,0.005,0.00013961850970312955,0.0,0.0,0.005,VIM-1,HCC22-088-P3-S2,VIM
0.6832296692556715,0.0,0.00011878352,0.0,0.005,0.0001644128833661988,0.0,0.0,0.005,PTPRC-2,HCC22-088-P3-S2,PTPRC
0.62847916807627,0.0,0.00011878352,0.0,0.005,0.0001283810550882593,0.0,0.0,0.005,CD14-1,HCC22-088-P3-S2,CD14
0.6159769777471233,0.0,0.00011878352,0.0,0.005,0.00017270160413694857,0.0,0.0,0.005,CD68-1,HCC22-088-P3-S2,CD68
0.584924034294581,0.0,0.00011878352,0.0,0.005,0.0001541874060503306,0.0,0.0,0.005,CD40-1,HCC22-088-P3-S2,CD40
0.5760493797851428,0.0,0.00011878352,0.0,0.005,0.00014277070121090452,0.0,0.0,0.005,CD3E-1,HCC22-088-P3-S2,CD3E
0.5254521877942929,0.0,0.00011878352,0.0,0.005,0.000163677733232133,0.0,0.0,0.005,CR2-1,HCC22-088-P3-S2,CR2
0.5217193976555284,0.0,0.00011878352,0.0,0.005,0.0001330615463514348,0.0,0.0,0.005,PDCD1-1,HCC22-088-P3-S2,PDCD1
0.508167154649667,0.0,0.00011878352,0.0,0.005,0.00013677984751700063,0.0,0.0,0.005,SDC1-1,HCC22-088-P3-S2,SDC1
0.5043576271696733,0.0,0.00011878352,0.0,0.005,0.00013946938732774857,0.0,0.0,0.005,CD163-1,HCC22-088-P3-S2,CD163
0.46840800594512655,0.0,0.00011878352,0.0,0.005,0.00012474686664262332,0.0,0.0,0.005,CD4-1,HCC22-088-P3-S2,CD4
0.46829399270054023,0.0,0.00011878352,0.0,0.005,0.00011452676343485768,0.0,0.0,0.005,CD8A-1,HCC22-088-P3-S2,CD8A
0.44558317479395704,0.0,0.00011878352,0.0,0.005,0.00011536845702679678,0.0,0.0,0.005,CCR7-1,HCC22-088-P3-S2,CCR7
0.41700212743534876,0.0,0.00011878352,0.0,0.005,0.00011191816868515171,0.0,0.0,0.005,PTPRC-1,HCC22-088-P3-S2,PTPRC
0.41266154372568314,0.0,0.00011878352,0.0,0.005,0.0001253823050786104,0.0,0.0,0.005,EPCAM-1,HCC22-088-P3-S2,EPCAM
0.4047684548588511,0.0,0.00011878352,0.0,0.005,0.0001275058784543417,0.0,0.0,0.005,rat_IgG2a,HCC22-088-P3-S2,rat_IgG2a
0.38607046501954817,0.0,0.00011878352,0.0,0.005,0.0001274253559481398,0.0,0.0,0.005,PECAM1-1,HCC22-088-P3-S2,PECAM1
0.3807258552731456,0.0,0.00011878352,0.0,0.005,0.0001210770790444863,0.0,0.0,0.005,ITGAM-1,HCC22-088-P3-S2,ITGAM
0.3726437190379973,0.0,0.00011878352,0.0,0.005,0.00014276841040509813,0.0,0.0,0.005,CD27-1,HCC22-088-P3-S2,CD27
0.36789456904182816,0.0,0.00011878352,0.0,0.005,9.625704699284216e-05,0.0,0.0,0.005,ITGAX-1,HCC22-088-P3-S2,ITGAX
0.27310383597300397,0.0,0.00011878352,0.0,0.005,9.526716146671212e-05,0.0,0.0,0.005,CEACAM8-1,HCC22-088-P3-S2,CEACAM8
0.2665314118618965,0.0,0.00011878352,0.0,0.005,0.00011514970338827522,0.0,0.0,0.005,mouse_IgG1k,HCC22-088-P3-S2,mouse_IgG1k
0.26372405814438643,0.0,0.00011878352,0.0,0.005,9.93628583177542e-05,0.0,0.0,0.005,mouse_IgG2a,HCC22-088-P3-S2,mouse_IgG2a
0.25767877773028686,0.0,0.00011878352,0.0,0.005,0.00010882277921467414,0.0,0.0,0.005,CXCR5-1,HCC22-088-P3-S2,CXCR5
0.25273982947859475,0.0,0.00011878352,0.0,0.005,0.00010989776747313175,0.0,0.0,0.005,MS4A1-1,HCC22-088-P3-S2,MS4A1
0.2327764349353746,0.0,0.00011878352,0.0,0.005,8.811908302420326e-05,0.0,0.0,0.005,CD274-1,HCC22-088-P3-S2,CD274
0.18666971049007136,0.0,0.00011878352,0.0,0.005,7.095378850234268e-05,0.0,0.0,0.005,FCGR3A-1,HCC22-088-P3-S2,FCGR3A
0.15251031720758196,0.0,0.00011878352,0.0,0.005,8.441750255277134e-05,0.0,0.0,0.005,PAX5-1,HCC22-088-P3-S2,PAX5
0.10171144724029194,0.0,0.00011878352,0.0,0.005,7.14846283956872e-05,0.0,0.0,0.005,mouse_IgG2bk,HCC22-088-P3-S2,mouse_IgG2bk
0.7200655586683063,0.0,0.0008289693,0.0,0.005,0.0009320218112808502,0.0,0.0,0.00603448275862069,KRT5-1,HCC22-088-P4-S1,KRT5
0.7017609458451933,0.0,0.0008289693,0.0,0.005,0.0010243101937691414,0.0,0.0,0.00603448275862069,EPCAM-1,HCC22-088-P4-S1,EPCAM
0.6557582665574262,0.0,0.0008289693,0.0,0.005,0.0009229330248742972,0.0,0.0,0.00603448275862069,ACTA2-1,HCC22-088-P4-S1,ACTA2
0.6078867226182467,0.0,0.0008289693,0.0,0.005,0.0009852026694226051,0.0,0.0,0.00603448275862069,CD68-1,HCC22-088-P4-S1,CD68
0.5961449448418614,0.0,0.0008289693,0.0,0.005,0.0009260968989373516,0.0,0.0,0.00603448275862069,VIM-1,HCC22-088-P4-S1,VIM
0.5954800125400986,0.0,0.0008289693,0.0,0.005,0.0009327795731986669,0.0,0.0,0.00603448275862069,CD8A-1,HCC22-088-P4-S1,CD8A
0.5101501064092255,0.0,0.0008289693,0.0,0.005,0.0008643549252793281,0.0,0.0,0.00603448275862069,HLA-DRA,HCC22-088-P4-S1,HLA
0.46623700820558006,0.0,0.0008289693,0.0,0.005,0.0007780050631161545,0.0,0.0,0.00603448275862069,BCL2-1,HCC22-088-P4-S1,BCL2
0.45448369037075337,0.0,0.0008289693,0.0,0.005,0.0008089123150805804,0.0,0.0,0.00603448275862069,CD27-1,HCC22-088-P4-S1,CD27
0.4402409230338077,0.0,0.0008289693,0.0,0.005,0.000817063784721085,0.0,0.0,0.00603448275862069,CD3E-1,HCC22-088-P4-S1,CD3E
0.3742751268253575,0.0,0.0008289693,0.0,0.005,0.0006408558777126385,0.0,0.0,0.00603448275862069,ITGAX-1,HCC22-088-P4-S1,ITGAX
0.3355740755131455,0.0,0.0008289693,0.0,0.005,0.0007472478364941251,0.0,0.0,0.00603448275862069,SDC1-1,HCC22-088-P4-S1,SDC1
0.30860120387855194,0.0,0.0008289693,0.0,0.005,0.0006990140774669156,0.0,0.0,0.00603448275862069,PECAM1-1,HCC22-088-P4-S1,PECAM1
0.30412265249784526,0.0,0.0008289693,0.0,0.005,0.0006572430362894742,0.0,0.0,0.00603448275862069,rat_IgG2a,HCC22-088-P4-S1,rat_IgG2a
0.3026264834401374,0.0,0.0008289693,0.0,0.005,0.0006349455835249693,0.0,0.0,0.00603448275862069,ITGAM-1,HCC22-088-P4-S1,ITGAM
0.2930440113453169,0.0,0.0008289693,0.0,0.005,0.0006383045272156464,0.0,0.0,0.00603448275862069,CD14-1,HCC22-088-P4-S1,CD14
0.28318639356438524,0.0,0.0008289693,0.0,0.005,0.0006122714003775252,0.0,0.0,0.00603448275862069,CR2-1,HCC22-088-P4-S1,CR2
0.2809346420410841,0.0,0.0008289693,0.0,0.005,0.000816036833652246,0.0,0.0,0.00603448275862069,FCGR3A-1,HCC22-088-P4-S1,FCGR3A
0.27986364126691304,0.0,0.0008289693,0.0,0.005,0.0007529002354169333,0.0,0.0,0.00603448275862069,PCNA-1,HCC22-088-P4-S1,PCNA
0.2294377731754001,5.551115123125783e-16,0.0008289693,0.0,0.005,0.0005663325676174763,9.71445146547012e-16,0.0,0.00603448275862069,PTPRC-1,HCC22-088-P4-S1,PTPRC
0.22642647036000482,1.2212453270876722e-15,0.0008289693,0.0,0.005,0.0006337342476340865,2.035408878479454e-15,0.0,0.00603448275862069,CCR7-1,HCC22-088-P4-S1,CCR7
0.22035200624383852,6.661338147750939e-15,0.0008289693,0.0,0.005,0.0005791490546003298,1.0597583416876494e-14,0.0,0.00603448275862069,PTPRC-2,HCC22-088-P4-S1,PTPRC
0.20159104951342627,8.826273045769994e-13,0.0008289693,0.0,0.005,0.00045646066110463225,1.3431285069649992e-12,0.0,0.00603448275862069,CD40-1,HCC22-088-P4-S1,CD40
0.18063323095193895,1.274730321298989e-10,0.0008289693,0.0,0.005,0.0003978829983693296,1.8589817185610258e-10,0.0,0.00603448275862069,CD163-1,HCC22-088-P4-S1,CD163
0.17601918754388868,3.553152216895228e-10,0.0008289693,8.881784197001252e-16,0.005,0.0005023900002900701,4.974413103653319e-10,1.2434497875801752e-15,0.00603448275862069,CD4-1,HCC22-088-P4-S1,CD4
0.1732707725069839,6.465771251740193e-10,0.0008289693,1.6653345369377348e-15,0.005,0.0004782563285197204,8.703922838881029e-10,2.241796492031566e-15,0.00603448275862069,CD19-1,HCC22-088-P4-S1,CD19
0.1495965271144952,7.772293930674579e-08,0.0008289693,1.2878587085651816e-14,0.005,0.0004080909638590183,1.0075195836059639e-07,1.669446474065976e-14,0.00603448275862069,CD274-1,HCC22-088-P4-S1,CD274
0.09937307704376763,0.00023121543941473366,0.0008289693,1.5501118518779222e-06,0.005,0.00047816659815115684,0.0002890192992684171,1.9376398148474028e-06,0.00603448275862069,PDCD1-1,HCC22-088-P4-S1,PDCD1
0.07910625951095597,0.002573268982411947,0.0008289693,3.157755570881715e-05,0.005,0.0003987767082244837,0.00310566946153166,3.811084309684828e-05,0.00603448275862069,MS4A1-1,HCC22-088-P4-S1,MS4A1
0.06833604761241241,0.007682831907991905,0.0008289693,0.0011064766757954425,0.01,0.0004924241067599719,0.008963303892657223,0.001290889455094683,0.011666666666666667,CXCR5-1,HCC22-088-P4-S1,CXCR5
0.030329270717551322,0.1348856215772125,0.0008289693,0.051459140799617886,0.06,0.0003748908492083201,0.15229021790975605,0.058099029935052456,0.06774193548387097,CEACAM8-1,HCC22-088-P4-S1,CEACAM8
0.0018378676020422398,0.4546094513897403,0.0008289693,0.43339590669220773,0.445,0.0005038918730398751,0.4679803176070856,0.43339590669220773,0.445,mouse_IgG1k,HCC22-088-P4-S1,mouse_IgG1k
-0.0024574913933297546,0.48597491465880305,0.0008289693,0.4229948481859411,0.4,0.0004178650635894315,0.48597491465880305,0.43339590669220773,0.411764705882353,mouse_IgG2a,HCC22-088-P4-S1,mouse_IgG2a
-0.007491668549509056,0.41682979286887667,0.0008289693,0.35128039494984004,0.36,0.0004847081094298227,0.4420922045578995,0.37257011585589095,0.38181818181818183,PAX5-1,HCC22-088-P4-S1,PAX5
-0.029285360181409356,0.16678436619225817,0.0008289693,0.07217676780396413,0.075,0.00047803326576044994,0.18242040052278238,0.07894333978558578,0.08203125,mouse_IgG2bk,HCC22-088-P4-S1,mouse_IgG2bk
0.8144681983103086,0.0,0.000112471345,0.0,0.005,0.0001812811951147285,0.0,0.0,0.005147058823529412,KRT5-1,HCC22-088-P4-S2,KRT5
0.7175832599385917,0.0,0.000112471345,0.0,0.005,0.0001253596268809401,0.0,0.0,0.005147058823529412,ACTA2-1,HCC22-088-P4-S2,ACTA2
0.712604303460236,0.0,0.000112471345,0.0,0.005,0.00014735479745405476,0.0,0.0,0.005147058823529412,SDC1-1,HCC22-088-P4-S2,SDC1
0.6588333132775576,0.0,0.000112471345,0.0,0.005,0.00018548281129961576,0.0,0.0,0.005147058823529412,VIM-1,HCC22-088-P4-S2,VIM
0.5865171920088256,0.0,0.000112471345,0.0,0.005,0.00014520520862596072,0.0,0.0,0.005147058823529412,CD163-1,HCC22-088-P4-S2,CD163
0.5659794227923894,0.0,0.000112471345,0.0,0.005,0.0001417596080806215,0.0,0.0,0.005147058823529412,PCNA-1,HCC22-088-P4-S2,PCNA
0.5561789542254713,0.0,0.000112471345,0.0,0.005,0.00012845694299920882,0.0,0.0,0.005147058823529412,CD68-1,HCC22-088-P4-S2,CD68
0.5436836563385736,0.0,0.000112471345,0.0,0.005,0.00013146180453830269,0.0,0.0,0.005147058823529412,CD14-1,HCC22-088-P4-S2,CD14
0.5093636844615783,0.0,0.000112471345,0.0,0.005,0.00011584413444342467,0.0,0.0,0.005147058823529412,HLA-DRA,HCC22-088-P4-S2,HLA
0.4523913284060015,0.0,0.000112471345,0.0,0.005,9.951790294767835e-05,0.0,0.0,0.005147058823529412,BCL2-1,HCC22-088-P4-S2,BCL2
0.4428275277623978,0.0,0.000112471345,0.0,0.005,0.00012619427199582787,0.0,0.0,0.005147058823529412,CD8A-1,HCC22-088-P4-S2,CD8A
0.43949022624692263,0.0,0.000112471345,0.0,0.005,0.0001206018615474802,0.0,0.0,0.005147058823529412,CD19-1,HCC22-088-P4-S2,CD19
0.3751248847819049,0.0,0.000112471345,0.0,0.005,0.00010903860257880557,0.0,0.0,0.005147058823529412,PECAM1-1,HCC22-088-P4-S2,PECAM1
0.35002789865426126,0.0,0.000112471345,0.0,0.005,0.00010525528786882349,0.0,0.0,0.005147058823529412,EPCAM-1,HCC22-088-P4-S2,EPCAM
0.3455442174153731,0.0,0.000112471345,0.0,0.005,0.00010663531958107952,0.0,0.0,0.005147058823529412,CD3E-1,HCC22-088-P4-S2,CD3E
0.3109884974934315,0.0,0.000112471345,0.0,0.005,7.639381286804562e-05,0.0,0.0,0.005147058823529412,ITGAX-1,HCC22-088-P4-S2,ITGAX
0.30956294514550875,0.0,0.000112471345,0.0,0.005,0.00011922860942172208,0.0,0.0,0.005147058823529412,CR2-1,HCC22-088-P4-S2,CR2
0.2514934941913186,0.0,0.000112471345,0.0,0.005,0.00010785642812517097,0.0,0.0,0.005147058823529412,CD40-1,HCC22-088-P4-S2,CD40
0.24097708826085054,0.0,0.000112471345,0.0,0.005,9.764713640243787e-05,0.0,0.0,0.005147058823529412,ITGAM-1,HCC22-088-P4-S2,ITGAM
0.23418820640319346,0.0,0.000112471345,0.0,0.005,8.905456749465114e-05,0.0,0.0,0.005147058823529412,CD27-1,HCC22-088-P4-S2,CD27
0.23416511820108474,0.0,0.000112471345,0.0,0.005,7.728556409605348e-05,0.0,0.0,0.005147058823529412,CCR7-1,HCC22-088-P4-S2,CCR7
0.2125650433779665,0.0,0.000112471345,0.0,0.005,9.00523528768147e-05,0.0,0.0,0.005147058823529412,PTPRC-1,HCC22-088-P4-S2,PTPRC
0.19966278390904962,0.0,0.000112471345,0.0,0.005,9.508152915821367e-05,0.0,0.0,0.005147058823529412,CD4-1,HCC22-088-P4-S2,CD4
0.16897642323500003,0.0,0.000112471345,0.0,0.005,8.968264791083089e-05,0.0,0.0,0.005147058823529412,PDCD1-1,HCC22-088-P4-S2,PDCD1
0.14604335336770027,0.0,0.000112471345,0.0,0.005,8.47976728772266e-05,0.0,0.0,0.005147058823529412,rat_IgG2a,HCC22-088-P4-S2,rat_IgG2a
0.12050358436028524,0.0,0.000112471345,0.0,0.005,5.477017898878931e-05,0.0,0.0,0.005147058823529412,CEACAM8-1,HCC22-088-P4-S2,CEACAM8
0.09329644974782965,0.0,0.000112471345,0.0,0.005,7.462730382429683e-05,0.0,0.0,0.005147058823529412,mouse_IgG2bk,HCC22-088-P4-S2,mouse_IgG2bk
0.08785087957358456,0.0,0.000112471345,0.0,0.005,6.844452954159987e-05,0.0,0.0,0.005147058823529412,CD274-1,HCC22-088-P4-S2,CD274
0.07858192396875176,5.4511950509095186e-14,0.000112471345,0.0,0.005,6.600469431844471e-05,6.579028509718383e-14,0.0,0.005147058823529412,CXCR5-1,HCC22-088-P4-S2,CXCR5
0.07453200061192407,9.094947017729282e-13,0.000112471345,0.0,0.005,6.256591344455538e-05,1.0610771520684163e-12,0.0,0.005147058823529412,FCGR3A-1,HCC22-088-P4-S2,FCGR3A
0.05688495235696642,3.64818092402075e-08,0.000112471345,6.724443224470633e-11,0.005,7.684938257780678e-05,4.11891394647504e-08,7.592113317950715e-11,0.005147058823529412,mouse_IgG2a,HCC22-088-P4-S2,mouse_IgG2a
0.05277751625143146,2.9203130413879563e-07,0.000112471345,4.841347767126081e-09,0.005,8.352824288562764e-05,3.194092389018077e-07,5.295224120294151e-09,0.005147058823529412,MS4A1-1,HCC22-088-P4-S2,MS4A1
0.042773256377002265,2.5273532740510696e-05,0.000112471345,1.2188795084355775e-08,0.005,5.922003696142183e-05,2.6805261997511344e-05,1.2927509937953094e-08,0.005147058823529412,PAX5-1,HCC22-088-P4-S2,PAX5
0.026638247146844738,0.005676105218806349,0.000112471345,0.0004084291607503454,0.005,6.997271032447513e-05,0.005843049489947712,0.00042044178312535555,0.005147058823529412,PTPRC-2,HCC22-088-P4-S2,PTPRC
0.017600085927015126,0.04653400809764485,0.000112471345,0.00951233847007571,0.025,5.1153392095788525e-05,0.04653400809764485,0.00951233847007571,0.025,mouse_IgG1k,HCC22-088-P4-S2,mouse_IgG1k
0.7977704524047123,0.0,0.00023353125,0.0,0.005,0.0003355202079515527,0.0,0.0,0.0054687500000000005,KRT5-1,HCC22-088-P4-S2_1i_rep,KRT5
0.784640678513074,0.0,0.00023353125,0.0,0.005,0.00036449005038356714,0.0,0.0,0.0054687500000000005,ACTA2-1,HCC22-088-P4-S2_1i_rep,ACTA2
0.7624587991818964,0.0,0.00023353125,0.0,0.005,0.0003779606317493129,0.0,0.0,0.0054687500000000005,SDC1-1,HCC22-088-P4-S2_1i_rep,SDC1
0.6139493346895192,0.0,0.00023353125,0.0,0.005,0.00025032791708191454,0.0,0.0,0.0054687500000000005,VIM-1,HCC22-088-P4-S2_1i_rep,VIM
0.6111923504438088,0.0,0.00023353125,0.0,0.005,0.0002855054772123749,0.0,0.0,0.0054687500000000005,PCNA-1,HCC22-088-P4-S2_1i_rep,PCNA
0.45703316833421587,0.0,0.00023353125,0.0,0.005,0.0002668727389706881,0.0,0.0,0.0054687500000000005,CD163-1,HCC22-088-P4-S2_1i_rep,CD163
0.4484916263518692,0.0,0.00023353125,0.0,0.005,0.00021017778905764063,0.0,0.0,0.0054687500000000005,CD19-1,HCC22-088-P4-S2_1i_rep,CD19
0.4460870268611472,0.0,0.00023353125,0.0,0.005,0.00024092653665656527,0.0,0.0,0.0054687500000000005,BCL2-1,HCC22-088-P4-S2_1i_rep,BCL2
0.4314202786597438,0.0,0.00023353125,0.0,0.005,0.00021500690142214093,0.0,0.0,0.0054687500000000005,CD14-1,HCC22-088-P4-S2_1i_rep,CD14
0.4171762364325678,0.0,0.00023353125,0.0,0.005,0.0002449091628850142,0.0,0.0,0.0054687500000000005,CD68-1,HCC22-088-P4-S2_1i_rep,CD68
0.3530733015445127,0.0,0.00023353125,0.0,0.005,0.00018022709108634868,0.0,0.0,0.0054687500000000005,CD27-1,HCC22-088-P4-S2_1i_rep,CD27
0.3515566706572872,0.0,0.00023353125,0.0,0.005,0.00019745001707630925,0.0,0.0,0.0054687500000000005,CD40-1,HCC22-088-P4-S2_1i_rep,CD40
0.3260625744029052,0.0,0.00023353125,0.0,0.005,0.00024467000634460166,0.0,0.0,0.0054687500000000005,CCR7-1,HCC22-088-P4-S2_1i_rep,CCR7
0.3217923937621189,0.0,0.00023353125,0.0,0.005,0.00021167511259610703,0.0,0.0,0.0054687500000000005,PECAM1-1,HCC22-088-P4-S2_1i_rep,PECAM1
0.31428529179048575,0.0,0.00023353125,0.0,0.005,0.00019488789685851812,0.0,0.0,0.0054687500000000005,CD4-1,HCC22-088-P4-S2_1i_rep,CD4
0.2915816406106687,0.0,0.00023353125,0.0,0.005,0.0001591909373956741,0.0,0.0,0.0054687500000000005,CD3E-1,HCC22-088-P4-S2_1i_rep,CD3E
0.27907156208900946,0.0,0.00023353125,0.0,0.005,0.0001775085668052664,0.0,0.0,0.0054687500000000005,CR2-1,HCC22-088-P4-S2_1i_rep,CR2
0.273417614858106,0.0,0.00023353125,0.0,0.005,0.0002091810723906073,0.0,0.0,0.0054687500000000005,EPCAM-1,HCC22-088-P4-S2_1i_rep,EPCAM
0.2657370940616627,0.0,0.00023353125,0.0,0.005,0.00018667973358108382,0.0,0.0,0.0054687500000000005,ITGAM-1,HCC22-088-P4-S2_1i_rep,ITGAM
0.26366237479252713,0.0,0.00023353125,0.0,0.005,0.00015543982942876338,0.0,0.0,0.0054687500000000005,CD8A-1,HCC22-088-P4-S2_1i_rep,CD8A
0.26195780236156696,0.0,0.00023353125,0.0,0.005,0.00017156954006546156,0.0,0.0,0.0054687500000000005,ITGAX-1,HCC22-088-P4-S2_1i_rep,ITGAX
0.25608990988298636,0.0,0.00023353125,0.0,0.005,0.000153238062520022,0.0,0.0,0.0054687500000000005,PTPRC-2,HCC22-088-P4-S2_1i_rep,PTPRC
0.24957681277686275,0.0,0.00023353125,0.0,0.005,0.00014557128658624128,0.0,0.0,0.0054687500000000005,PTPRC-1,HCC22-088-P4-S2_1i_rep,PTPRC
0.2445995335126091,0.0,0.00023353125,0.0,0.005,0.00016580355727923706,0.0,0.0,0.0054687500000000005,HLA-DRA,HCC22-088-P4-S2_1i_rep,HLA
0.22020123707947611,0.0,0.00023353125,0.0,0.005,0.00017766782886537264,0.0,0.0,0.0054687500000000005,PDCD1-1,HCC22-088-P4-S2_1i_rep,PDCD1
0.19383443080486717,0.0,0.00023353125,0.0,0.005,0.0001607655855803204,0.0,0.0,0.0054687500000000005,rat_IgG2a,HCC22-088-P4-S2_1i_rep,rat_IgG2a
0.1400495444662123,0.0,0.00023353125,0.0,0.005,0.00013271255113797884,0.0,0.0,0.0054687500000000005,CEACAM8-1,HCC22-088-P4-S2_1i_rep,CEACAM8
0.10370022214878939,4.8403503427607575e-12,0.00023353125,1.1102230246251565e-16,0.005,0.00016073045348307546,6.050437928450947e-12,1.3877787807814457e-16,0.0054687500000000005,MS4A1-1,HCC22-088-P4-S2_1i_rep,MS4A1
0.09002195038457389,1.6483499010178093e-09,0.00023353125,2.353672812205332e-14,0.005,0.00014169656228341665,1.989387811573218e-09,2.8406396009374695e-14,0.0054687500000000005,mouse_IgG2bk,HCC22-088-P4-S2_1i_rep,mouse_IgG2bk
0.08149303929290748,4.2077431094966755e-08,0.00023353125,3.383959779057477e-13,0.005,0.00013172659933837234,4.909033627746122e-08,3.9479530755670567e-13,0.0054687500000000005,FCGR3A-1,HCC22-088-P4-S2_1i_rep,FCGR3A
0.0630296212290051,1.663948370189683e-05,0.00023353125,1.0729029664702239e-08,0.005,0.00013026972610551027,1.878651385698029e-05,1.2113420589179947e-08,0.0054687500000000005,mouse_IgG2a,HCC22-088-P4-S2_1i_rep,mouse_IgG2a
0.05283315996462001,0.00024832984991651763,0.00023353125,6.387043723909969e-07,0.005,0.00011866739064433947,0.00027161077334619116,6.985829073026528e-07,0.0054687500000000005,CXCR5-1,HCC22-088-P4-S2_1i_rep,CXCR5
0.025254369022534296,0.04668711391100766,0.00023353125,0.012098253012065463,0.025,0.0001184819283036054,0.049516635966220246,0.012831480467342157,0.026515151515151516,PAX5-1,HCC22-088-P4-S2_1i_rep,PAX5
0.023800745014072262,0.05674044218323515,0.00023353125,0.018040966138935688,0.045,0.00011765923082595407,0.05840927871803619,0.018571582790080855,0.04632352941176471,mouse_IgG1k,HCC22-088-P4-S2_1i_rep,mouse_IgG1k
0.015305091573574556,0.15225637942262837,0.00023353125,0.07670390704733365,0.1,0.00011724651212602728,0.15225637942262837,0.07670390704733365,0.1,CD274-1,HCC22-088-P4-S2_1i_rep,CD274
0.7572222207556853,0.0,0.00048184028,0.0,0.005,0.0006734837879055726,0.0,0.0,0.00603448275862069,KRT5-1,HCC22-088-P5-S1,KRT5
0.7016265099237166,0.0,0.00048184028,0.0,0.005,0.0006447890238847566,0.0,0.0,0.00603448275862069,VIM-1,HCC22-088-P5-S1,VIM
0.6649624619688291,0.0,0.00048184028,0.0,0.005,0.0005372976853475362,0.0,0.0,0.00603448275862069,ACTA2-1,HCC22-088-P5-S1,ACTA2
0.5913938818018999,0.0,0.00048184028,0.0,0.005,0.0005156560334248563,0.0,0.0,0.00603448275862069,PECAM1-1,HCC22-088-P5-S1,PECAM1
0.5203464605880161,0.0,0.00048184028,0.0,0.005,0.0005505335625230186,0.0,0.0,0.00603448275862069,CD40-1,HCC22-088-P5-S1,CD40
0.5011798841583398,0.0,0.00048184028,0.0,0.005,0.00049173779488398,0.0,0.0,0.00603448275862069,EPCAM-1,HCC22-088-P5-S1,EPCAM
0.4592767858381424,0.0,0.00048184028,0.0,0.005,0.00048285782659230735,0.0,0.0,0.00603448275862069,CR2-1,HCC22-088-P5-S1,CR2
0.44968964979236326,0.0,0.00048184028,0.0,0.005,0.0005071258923711621,0.0,0.0,0.00603448275862069,CD14-1,HCC22-088-P5-S1,CD14
0.4395735321758426,0.0,0.00048184028,0.0,0.005,0.00043546483724975487,0.0,0.0,0.00603448275862069,BCL2-1,HCC22-088-P5-S1,BCL2
0.4378188352106969,0.0,0.00048184028,0.0,0.005,0.0004500319587983003,0.0,0.0,0.00603448275862069,CD163-1,HCC22-088-P5-S1,CD163
0.3998791613096157,0.0,0.00048184028,0.0,0.005,0.00046302042998613076,0.0,0.0,0.00603448275862069,CD4-1,HCC22-088-P5-S1,CD4
0.3950367280040384,0.0,0.00048184028,0.0,0.005,0.0004679397743336925,0.0,0.0,0.00603448275862069,CD3E-1,HCC22-088-P5-S1,CD3E
0.3788826404397644,0.0,0.00048184028,0.0,0.005,0.000454911154893868,0.0,0.0,0.00603448275862069,CD27-1,HCC22-088-P5-S1,CD27
0.3652115501876905,0.0,0.00048184028,0.0,0.005,0.00038882183072712405,0.0,0.0,0.00603448275862069,CCR7-1,HCC22-088-P5-S1,CCR7
0.35016956287389767,0.0,0.00048184028,0.0,0.005,0.0004463820834547144,0.0,0.0,0.00603448275862069,PDCD1-1,HCC22-088-P5-S1,PDCD1
0.34963158433403296,0.0,0.00048184028,0.0,0.005,0.0005070524444494137,0.0,0.0,0.00603448275862069,PTPRC-1,HCC22-088-P5-S1,PTPRC
0.34877788382659997,0.0,0.00048184028,0.0,0.005,0.0004649953622387601,0.0,0.0,0.00603448275862069,PCNA-1,HCC22-088-P5-S1,PCNA
0.3228940061686814,0.0,0.00048184028,0.0,0.005,0.0004059606154640976,0.0,0.0,0.00603448275862069,CD68-1,HCC22-088-P5-S1,CD68
0.3140479347905108,0.0,0.00048184028,0.0,0.005,0.0004132213132964649,0.0,0.0,0.00603448275862069,ITGAM-1,HCC22-088-P5-S1,ITGAM
0.30991584293157204,0.0,0.00048184028,0.0,0.005,0.0004628732648338206,0.0,0.0,0.00603448275862069,ITGAX-1,HCC22-088-P5-S1,ITGAX
0.29405135529545867,0.0,0.00048184028,0.0,0.005,0.00037448095606606134,0.0,0.0,0.00603448275862069,PTPRC-2,HCC22-088-P5-S1,PTPRC
0.2819073204005617,0.0,0.00048184028,0.0,0.005,0.000328101733438111,0.0,0.0,0.00603448275862069,CD19-1,HCC22-088-P5-S1,CD19
0.24237145203183244,0.0,0.00048184028,0.0,0.005,0.0003878185755174367,0.0,0.0,0.00603448275862069,rat_IgG2a,HCC22-088-P5-S1,rat_IgG2a
0.2303779649506039,0.0,0.00048184028,0.0,0.005,0.0003334818084760093,0.0,0.0,0.00603448275862069,CD8A-1,HCC22-088-P5-S1,CD8A
0.21927970199416424,0.0,0.00048184028,0.0,0.005,0.00047697256023274543,0.0,0.0,0.00603448275862069,SDC1-1,HCC22-088-P5-S1,SDC1
0.19262363804897753,0.0,0.00048184028,0.0,0.005,0.00035450514355640165,0.0,0.0,0.00603448275862069,HLA-DRA,HCC22-088-P5-S1,HLA
0.13727599109329564,1.5593881741438054e-10,0.00048184028,4.3298697960381105e-15,0.005,0.00031063133579753807,2.0214291146308587e-10,5.612794180049402e-15,0.00603448275862069,FCGR3A-1,HCC22-088-P5-S1,FCGR3A
0.12046469367898714,1.6297313276680825e-08,0.00048184028,5.979949868617496e-11,0.005,0.0003474075454888752,2.037164159585103e-08,7.47493733577187e-11,0.00603448275862069,CD274-1,HCC22-088-P5-S1,CD274
0.09278324486169412,9.95795132308075e-06,0.00048184028,7.323182193985645e-08,0.005,0.0003018689974100823,1.2018217114062972e-05,8.83832333756888e-08,0.00603448275862069,mouse_IgG2a,HCC22-088-P5-S1,mouse_IgG2a
0.04749925246880273,0.01380229304201197,0.00048184028,0.0038115599975737657,0.015,0.00029564604862337897,0.016102675215680633,0.00430337419080909,0.01640625,CEACAM8-1,HCC22-088-P5-S1,CEACAM8
0.041099632184283356,0.027981899927473575,0.00048184028,0.003126528154002939,0.015,0.00020363106630267826,0.03159246766005081,0.0036476161796700954,0.01640625,MS4A1-1,HCC22-088-P5-S1,MS4A1
0.03549313682468999,0.04887040209212845,0.00048184028,0.005363281173303425,0.015,0.00020360358984729545,0.05345200228826549,0.005866088783300621,0.01640625,CXCR5-1,HCC22-088-P5-S1,CXCR5
0.03466941650059762,0.05279029920721512,0.00048184028,0.014314058791221607,0.02,0.0002595154717906332,0.055989711280379675,0.015181577505841098,0.021212121212121213,PAX5-1,HCC22-088-P5-S1,PAX5
0.022011871809476172,0.14876386494135452,0.00048184028,0.07937892940590108,0.065,0.00024169580548296982,0.1531392727337473,0.08171360380019228,0.06691176470588235,mouse_IgG2bk,HCC22-088-P5-S1,mouse_IgG2bk
-0.003366048222118326,0.4544705101417197,0.00048184028,0.4357965008847291,0.48,0.00020901711740443858,0.4544705101417197,0.4357965008847291,0.48,mouse_IgG1k,HCC22-088-P5-S1,mouse_IgG1k
0.605494031033287,0.0,0.00016348517,0.0,0.005,0.00015391035474118252,0.0,0.0,0.005,VIM-1,HCC22-088-P5-S2,VIM
0.581848422510814,0.0,0.00016348517,0.0,0.005,0.00019453014770782852,0.0,0.0,0.005,ACTA2-1,HCC22-088-P5-S2,ACTA2
0.52827543985587,0.0,0.00016348517,0.0,0.005,0.00016867546326764107,0.0,0.0,0.005,CR2-1,HCC22-088-P5-S2,CR2
0.5200768924314251,0.0,0.00016348517,0.0,0.005,0.00015083865999374895,0.0,0.0,0.005,CD40-1,HCC22-088-P5-S2,CD40
0.4955239092832386,0.0,0.00016348517,0.0,0.005,0.00014718084810624778,0.0,0.0,0.005,CD4-1,HCC22-088-P5-S2,CD4
0.49080113304585615,0.0,0.00016348517,0.0,0.005,0.00017349379040371182,0.0,0.0,0.005,CD14-1,HCC22-088-P5-S2,CD14
0.48386630006664566,0.0,0.00016348517,0.0,0.005,0.00016543540897929508,0.0,0.0,0.005,CD19-1,HCC22-088-P5-S2,CD19
0.47026838226528983,0.0,0.00016348517,0.0,0.005,0.00015908473368905752,0.0,0.0,0.005,CD27-1,HCC22-088-P5-S2,CD27
0.45985716464908954,0.0,0.00016348517,0.0,0.005,0.00014794960689573452,0.0,0.0,0.005,CD163-1,HCC22-088-P5-S2,CD163
0.4534532589461541,0.0,0.00016348517,0.0,0.005,0.00013309269988269454,0.0,0.0,0.005,CCR7-1,HCC22-088-P5-S2,CCR7
0.4271159533257455,0.0,0.00016348517,0.0,0.005,0.00015488774543572203,0.0,0.0,0.005,CD3E-1,HCC22-088-P5-S2,CD3E
0.39620195044434764,0.0,0.00016348517,0.0,0.005,0.00016357140106941853,0.0,0.0,0.005,BCL2-1,HCC22-088-P5-S2,BCL2
0.37535463083859344,0.0,0.00016348517,0.0,0.005,0.00014435663760288498,0.0,0.0,0.005,KRT5-1,HCC22-088-P5-S2,KRT5
0.32609245721885827,0.0,0.00016348517,0.0,0.005,0.00012966165179800797,0.0,0.0,0.005,EPCAM-1,HCC22-088-P5-S2,EPCAM
0.28766410006471194,0.0,0.00016348517,0.0,0.005,0.00014008796752395858,0.0,0.0,0.005,PCNA-1,HCC22-088-P5-S2,PCNA
0.2801403803856675,0.0,0.00016348517,0.0,0.005,0.00012182410768325866,0.0,0.0,0.005,SDC1-1,HCC22-088-P5-S2,SDC1
0.1633994091920394,0.0,0.00016348517,0.0,0.005,0.00011224211853106758,0.0,0.0,0.005,CEACAM8-1,HCC22-088-P5-S2,CEACAM8
0.11488921160682473,0.0,0.00016348517,0.0,0.005,9.71122757106338e-05,0.0,0.0,0.005,CD274-1,HCC22-088-P5-S2,CD274
0.11185941111658412,0.0,0.00016348517,0.0,0.005,0.00011707790603671435,0.0,0.0,0.005,CD68-1,HCC22-088-P5-S2,CD68
0.10731604207114388,0.0,0.00016348517,0.0,0.005,8.907853981721232e-05,0.0,0.0,0.005,HLA-DRA,HCC22-088-P5-S2,HLA
0.1016317113164023,7.771561172376096e-16,0.00016348517,0.0,0.005,9.221267754061781e-05,1.295260195396016e-15,0.0,0.005,MS4A1-1,HCC22-088-P5-S2,MS4A1
0.09366515885608852,1.0114131754335176e-13,0.00016348517,0.0,0.005,8.151732477534525e-05,1.6090664154624143e-13,0.0,0.005,PDCD1-1,HCC22-088-P5-S2,PDCD1
0.09225870908641293,2.289279876777073e-13,0.00016348517,0.0,0.005,9.130046885672116e-05,3.4836867690085893e-13,0.0,0.005,mouse_IgG2bk,HCC22-088-P5-S2,mouse_IgG2bk
0.08899689019047093,1.45328193923433e-12,0.00016348517,0.0,0.005,0.00010022958693901625,2.119369494716731e-12,0.0,0.005,rat_IgG2a,HCC22-088-P5-S2,rat_IgG2a
0.06956453381198387,2.349136196677648e-08,0.00016348517,3.500422174340656e-12,0.005,0.0001041281077518348,3.288790675348707e-08,4.712106773150883e-12,0.005,PECAM1-1,HCC22-088-P5-S2,PECAM1
0.06885262062914883,3.210031751521569e-08,0.00016348517,1.446620601086579e-13,0.005,9.04975715445312e-05,4.321196588586728e-08,2.0252688415212106e-13,0.005,PTPRC-1,HCC22-088-P5-S2,PTPRC
0.06397765929363093,2.511671451932429e-07,0.00016348517,1.4480194820976067e-11,0.005,9.348159017086474e-05,3.2558704006531487e-07,1.8770622916080085e-11,0.005,PTPRC-2,HCC22-088-P5-S2,PTPRC
0.05410889355459081,1.0518727659114546e-05,0.00016348517,2.3390417602797697e-08,0.005,0.00010218148451137017,1.3148409573893183e-05,2.9238022003497122e-08,0.005,CXCR5-1,HCC22-088-P5-S2,CXCR5
0.0514712710673796,2.5906159513366944e-05,0.00016348517,3.964025274694194e-08,0.005,9.406135113851526e-05,3.126605458509803e-05,4.624696153809893e-08,0.005,mouse_IgG1k,HCC22-088-P5-S2,mouse_IgG1k
0.050006577374676446,4.1990756627030557e-05,0.00016348517,9.410849721724901e-08,0.005,9.011846652125158e-05,4.898921606486899e-05,1.0625152911624888e-07,0.005,PAX5-1,HCC22-088-P5-S2,PAX5
0.04854128248657187,6.722969276184987e-05,0.00016348517,1.3743207083471987e-07,0.005,8.994617382700347e-05,7.590449182789502e-05,1.4576128724894533e-07,0.005,ITGAM-1,HCC22-088-P5-S2,ITGAM
0.04839512267082397,7.041301162480362e-05,0.00016348517,2.953031473795775e-07,0.005,9.450197024007659e-05,7.701423146462896e-05,3.0398853406721216e-07,0.005,CD8A-1,HCC22-088-P5-S2,CD8A
0.047365233778658186,9.720733807638826e-05,0.00016348517,1.2809059812823875e-07,0.005,8.591732638089361e-05,0.00010309869189919967,1.4009909170276114e-07,0.005,ITGAX-1,HCC22-088-P5-S2,ITGAX
0.04521114808855497,0.00018706156764580761,0.00016348517,3.878956078562368e-08,0.005,7.301349803032258e-05,0.0001925633784589196,4.624696153809893e-08,0.005,FCGR3A-1,HCC22-088-P5-S2,FCGR3A
0.04322415659187792,0.0003341146939687123,0.00016348517,1.3583262634342397e-05,0.005,0.00010944195184840829,0.0003341146939687123,1.3583262634342397e-05,0.005,mouse_IgG2a,HCC22-088-P5-S2,mouse_IgG2a
0.835848887476222,0.0,0.00012181673,0.0,0.005,0.00020318924669544412,0.0,0.0,0.005,ACTA2-1,HCC22-088-P5-S2_F_rep,ACTA2
0.7236596456821808,0.0,0.00012181673,0.0,0.005,0.00017565049844643304,0.0,0.0,0.005,VIM-1,HCC22-088-P5-S2_F_rep,VIM
0.7211926354252526,0.0,0.00012181673,0.0,0.005,0.00017395526593761234,0.0,0.0,0.005,HLA-DRA,HCC22-088-P5-S2_F_rep,HLA
0.7062458992545337,0.0,0.00012181673,0.0,0.005,0.00016349357463876367,0.0,0.0,0.005,KRT5-1,HCC22-088-P5-S2_F_rep,KRT5
0.6433495403858334,0.0,0.00012181673,0.0,0.005,0.00018760985024853676,0.0,0.0,0.005,PCNA-1,HCC22-088-P5-S2_F_rep,PCNA
0.6287110549645918,0.0,0.00012181673,0.0,0.005,0.00015728320427906307,0.0,0.0,0.005,SDC1-1,HCC22-088-P5-S2_F_rep,SDC1
0.6170096082794845,0.0,0.00012181673,0.0,0.005,0.00017440760837211943,0.0,0.0,0.005,EPCAM-1,HCC22-088-P5-S2_F_rep,EPCAM
0.5899241252000464,0.0,0.00012181673,0.0,0.005,0.00018206683918298356,0.0,0.0,0.005,BCL2-1,HCC22-088-P5-S2_F_rep,BCL2
0.552652903861245,0.0,0.00012181673,0.0,0.005,0.0001507844943011842,0.0,0.0,0.005,CD68-1,HCC22-088-P5-S2_F_rep,CD68
0.3880534029344174,0.0,0.00012181673,0.0,0.005,0.0001088850553688687,0.0,0.0,0.005,CD163-1,HCC22-088-P5-S2_F_rep,CD163
0.3871994109230585,0.0,0.00012181673,0.0,0.005,0.00010397151581598743,0.0,0.0,0.005,CD14-1,HCC22-088-P5-S2_F_rep,CD14
0.37057642974648064,0.0,0.00012181673,0.0,0.005,0.00011129107014759966,0.0,0.0,0.005,CD19-1,HCC22-088-P5-S2_F_rep,CD19
0.3501523445655695,0.0,0.00012181673,0.0,0.005,0.00012063693921040213,0.0,0.0,0.005,ITGAX-1,HCC22-088-P5-S2_F_rep,ITGAX
0.3448131372824072,0.0,0.00012181673,0.0,0.005,0.00011528021255056587,0.0,0.0,0.005,CD8A-1,HCC22-088-P5-S2_F_rep,CD8A
0.34136052280631457,0.0,0.00012181673,0.0,0.005,0.0001042898871557837,0.0,0.0,0.005,CD4-1,HCC22-088-P5-S2_F_rep,CD4
0.31281557976627195,0.0,0.00012181673,0.0,0.005,0.00013083505665532617,0.0,0.0,0.005,CD3E-1,HCC22-088-P5-S2_F_rep,CD3E
0.2923210171283059,0.0,0.00012181673,0.0,0.005,9.891525719138756e-05,0.0,0.0,0.005,CD40-1,HCC22-088-P5-S2_F_rep,CD40
0.2896166562045342,0.0,0.00012181673,0.0,0.005,9.001524247878797e-05,0.0,0.0,0.005,PECAM1-1,HCC22-088-P5-S2_F_rep,PECAM1
0.2652475150384538,0.0,0.00012181673,0.0,0.005,0.00012405897737574796,0.0,0.0,0.005,CCR7-1,HCC22-088-P5-S2_F_rep,CCR7
0.2406149246969732,0.0,0.00012181673,0.0,0.005,9.562444648970256e-05,0.0,0.0,0.005,CR2-1,HCC22-088-P5-S2_F_rep,CR2
0.23228688219138732,0.0,0.00012181673,0.0,0.005,9.924525988277311e-05,0.0,0.0,0.005,CD27-1,HCC22-088-P5-S2_F_rep,CD27
0.2166875889206162,0.0,0.00012181673,0.0,0.005,0.00010038678192186284,0.0,0.0,0.005,PTPRC-1,HCC22-088-P5-S2_F_rep,PTPRC
0.21509899176766245,0.0,0.00012181673,0.0,0.005,9.828605220227519e-05,0.0,0.0,0.005,PTPRC-2,HCC22-088-P5-S2_F_rep,PTPRC
0.20438960158661362,0.0,0.00012181673,0.0,0.005,8.303477718925129e-05,0.0,0.0,0.005,PDCD1-1,HCC22-088-P5-S2_F_rep,PDCD1
0.1981501780882973,0.0,0.00012181673,0.0,0.005,8.464338649829437e-05,0.0,0.0,0.005,ITGAM-1,HCC22-088-P5-S2_F_rep,ITGAM
0.12279338981554232,0.0,0.00012181673,0.0,0.005,7.653774399559383e-05,0.0,0.0,0.005,FCGR3A-1,HCC22-088-P5-S2_F_rep,FCGR3A
0.10878509566581357,0.0,0.00012181673,0.0,0.005,8.585953591257937e-05,0.0,0.0,0.005,rat_IgG2a,HCC22-088-P5-S2_F_rep,rat_IgG2a
0.10334100756709265,0.0,0.00012181673,0.0,0.005,7.699989912237338e-05,0.0,0.0,0.005,MS4A1-1,HCC22-088-P5-S2_F_rep,MS4A1
0.09177882632626268,0.0,0.00012181673,0.0,0.005,7.815486040433781e-05,0.0,0.0,0.005,CD274-1,HCC22-088-P5-S2_F_rep,CD274
0.0877382146141074,7.771561172376096e-16,0.00012181673,0.0,0.005,6.941285647554766e-05,9.066821367772113e-16,0.0,0.005,PAX5-1,HCC22-088-P5-S2_F_rep,PAX5
0.07240641065563849,2.3338886379065116e-11,0.00012181673,0.0,0.005,7.23805690183496e-05,2.6350355589267066e-11,0.0,0.005,mouse_IgG2bk,HCC22-088-P5-S2_F_rep,mouse_IgG2bk
0.06603087954714482,9.654430588312835e-10,0.00012181673,7.749356711883593e-14,0.005,7.840268053194467e-05,1.0559533455967163e-09,8.219014694421993e-14,0.005,mouse_IgG2a,HCC22-088-P5-S2_F_rep,mouse_IgG2a
0.06473305510380258,1.9791202010566167e-09,0.00012181673,7.216449660063518e-15,0.005,7.169682073523253e-05,2.099066879908533e-09,7.892991815694472e-15,0.005,CEACAM8-1,HCC22-088-P5-S2_F_rep,CEACAM8
0.06309068102410141,4.814896037430572e-09,0.00012181673,3.127942349578916e-12,0.005,8.39170526102305e-05,4.956510626766765e-09,3.2199406539782958e-12,0.005,mouse_IgG1k,HCC22-088-P5-S2_F_rep,mouse_IgG1k
0.03314183025742939,0.0012487533822853614,0.00012181673,1.4363563837105353e-05,0.005,6.308625442571975e-05,0.0012487533822853614,1.4363563837105353e-05,0.005,CXCR5-1,HCC22-088-P5-S2_F_rep,CXCR5
0.6102587706831276,0.0,0.0018883556,0.0,0.005,0.0017513912324911584,0.0,0.0,0.005303030303030303,KRT5-1,HCC22-088-P6-S1,KRT5
0.6040058980167347,0.0,0.0018883556,0.0,0.005,0.001712700727283951,0.0,0.0,0.005303030303030303,HLA-DRA,HCC22-088-P6-S1,HLA
0.5710471018906628,0.0,0.0018883556,0.0,0.005,0.002063625961147315,0.0,0.0,0.005303030303030303,SDC1-1,HCC22-088-P6-S1,SDC1
0.569755369429672,0.0,0.0018883556,0.0,0.005,0.002224626201562276,0.0,0.0,0.005303030303030303,BCL2-1,HCC22-088-P6-S1,BCL2
0.5285424948361088,0.0,0.0018883556,0.0,0.005,0.0023566080683615816,0.0,0.0,0.005303030303030303,CD68-1,HCC22-088-P6-S1,CD68
0.5249855311276596,0.0,0.0018883556,0.0,0.005,0.001649751946549239,0.0,0.0,0.005303030303030303,CD163-1,HCC22-088-P6-S1,CD163
0.49756084908772186,0.0,0.0018883556,0.0,0.005,0.0017875343145364927,0.0,0.0,0.005303030303030303,CD3E-1,HCC22-088-P6-S1,CD3E
0.4945053184525836,0.0,0.0018883556,0.0,0.005,0.0015349194785736191,0.0,0.0,0.005303030303030303,CD40-1,HCC22-088-P6-S1,CD40
0.49445433910047704,0.0,0.0018883556,0.0,0.005,0.0018667202904956645,0.0,0.0,0.005303030303030303,VIM-1,HCC22-088-P6-S1,VIM
0.48407952732989007,0.0,0.0018883556,0.0,0.005,0.001608392920176755,0.0,0.0,0.005303030303030303,PECAM1-1,HCC22-088-P6-S1,PECAM1
0.40519745913385474,0.0,0.0018883556,0.0,0.005,0.0015042513018092912,0.0,0.0,0.005303030303030303,PTPRC-1,HCC22-088-P6-S1,PTPRC
0.4031854242707316,0.0,0.0018883556,0.0,0.005,0.0019110583866501383,0.0,0.0,0.005303030303030303,mouse_IgG1k,HCC22-088-P6-S1,mouse_IgG1k
0.40060148516579236,0.0,0.0018883556,0.0,0.005,0.001777241259030105,0.0,0.0,0.005303030303030303,PTPRC-2,HCC22-088-P6-S1,PTPRC
0.3988733794567897,0.0,0.0018883556,0.0,0.005,0.0014784854299950128,0.0,0.0,0.005303030303030303,ACTA2-1,HCC22-088-P6-S1,ACTA2
0.38683059891156785,0.0,0.0018883556,0.0,0.005,0.0014404100533708267,0.0,0.0,0.005303030303030303,CD27-1,HCC22-088-P6-S1,CD27
0.3814862051892606,0.0,0.0018883556,0.0,0.005,0.0018468233768056059,0.0,0.0,0.005303030303030303,CR2-1,HCC22-088-P6-S1,CR2
0.32365814158556966,2.5979218776228663e-14,0.0018883556,1.1102230246251565e-16,0.005,0.0015438738984277017,5.348662689223548e-14,2.1587669923266935e-16,0.005303030303030303,rat_IgG2a,HCC22-088-P6-S1,rat_IgG2a
0.31564356402479565,1.0502709812953981e-13,0.0018883556,5.329070518200751e-15,0.005,0.0016524281867674245,2.042193574741052e-13,9.325873406851315e-15,0.005303030303030303,ITGAM-1,HCC22-088-P6-S1,ITGAM
0.31261123729242424,1.765254609153999e-13,0.0018883556,0.0,0.005,0.001324735421422085,3.251784806336314e-13,0.0,0.005303030303030303,CD8A-1,HCC22-088-P6-S1,CD8A
0.29518444322557796,3.1791236310141358e-12,0.0018883556,1.7763568394002505e-15,0.005,0.0013964810818777843,5.5634663542747376e-12,3.272236283105725e-15,0.005303030303030303,ITGAX-1,HCC22-088-P6-S1,ITGAX
0.2781045725145157,4.636935280188936e-11,0.0018883556,2.142730437526552e-14,0.005,0.0013743293498246186,7.728225466981561e-11,3.571217395877587e-14,0.005303030303030303,PDCD1-1,HCC22-088-P6-S1,PDCD1
0.250800263436793,2.457785197584883e-09,0.0018883556,3.663036540757503e-11,0.005,0.0015157548971034514,3.9101128143395865e-09,5.574186040283156e-11,0.005303030303030303,CD14-1,HCC22-088-P6-S1,CD14
0.24786543569159156,3.6806163672409298e-09,0.0018883556,8.832135023340015e-11,0.005,0.0014905334414863402,5.600937950149241e-09,1.2880196909037522e-10,0.005303030303030303,EPCAM-1,HCC22-088-P6-S1,EPCAM
0.24493225201146826,5.486183174419068e-09,0.0018883556,7.344125307895411e-13,0.005,0.0011803124605927848,8.000683796027808e-09,1.1683835717106335e-12,0.005303030303030303,CD4-1,HCC22-088-P6-S1,CD4
0.21779904853114737,1.784897700751742e-07,0.0018883556,6.702678412295882e-10,0.005,0.0013010897128922958,2.4988567810524386e-07,9.383749777214235e-10,0.005303030303030303,PCNA-1,HCC22-088-P6-S1,PCNA
0.21584135609469354,2.2613995653841812e-07,0.0018883556,1.6166389338323484e-09,0.005,0.0013030836463622014,3.044191722632551e-07,2.176244718620469e-09,0.005303030303030303,MS4A1-1,HCC22-088-P6-S1,MS4A1
0.20479211348924972,8.286994903627942e-07,0.0018883556,2.2386237086280403e-08,0.005,0.001428894974657849,1.0742400800999185e-06,2.701787234551083e-08,0.005303030303030303,mouse_IgG2a,HCC22-088-P6-S1,mouse_IgG2a
0.19642163127523507,2.126355608478292e-06,0.0018883556,3.5834935019352088e-09,0.005,0.0011562246580690825,2.657944510597865e-06,4.6452693543604555e-09,0.005303030303030303,CCR7-1,HCC22-088-P6-S1,CCR7
0.1817004595228457,1.0227429465881066e-05,0.0018883556,6.080771330907453e-09,0.005,0.0009999573770778376,1.23434493553737e-05,7.600964163634316e-09,0.005303030303030303,CXCR5-1,HCC22-088-P6-S1,CXCR5
0.16213396804657784,6.959618079915852e-05,0.0018883556,2.359620719705191e-06,0.005,0.0012543065123507024,8.119554426568495e-05,2.6650877957727054e-06,0.005303030303030303,CD19-1,HCC22-088-P6-S1,CD19
0.15678699375741134,0.00011365589405976095,0.0018883556,2.8224671488885633e-06,0.005,0.001156479278829318,0.00012832117071263333,3.087073444096866e-06,0.005303030303030303,PAX5-1,HCC22-088-P6-S1,PAX5
0.14910072415717437,0.0002243270132985531,0.0018883556,2.360506333398682e-06,0.005,0.001089212978276414,0.00024535767079529244,2.6650877957727054e-06,0.005303030303030303,CEACAM8-1,HCC22-088-P6-S1,CEACAM8
0.1370791462081721,0.0006124182076976403,0.0018883556,0.00016641230534664153,0.005,0.001415215412341413,0.0006495344627096186,0.00017649789961007436,0.005303030303030303,mouse_IgG2bk,HCC22-088-P6-S1,mouse_IgG2bk
0.08745541927580855,0.01826038358743476,0.0018883556,0.007796043842068778,0.015,0.0013171583558756095,0.018797453692947545,0.008025339249188449,0.015441176470588234,CD274-1,HCC22-088-P6-S1,CD274
0.06401954518664305,0.06035858340779299,0.0018883556,0.025570108337339303,0.02,0.0010134179972240826,0.06035858340779299,0.025570108337339303,0.02,FCGR3A-1,HCC22-088-P6-S1,FCGR3A
0.8988523221154403,0.0,0.00010995779,0.0,0.005,0.0001972508796294267,0.0,0.0,0.005,VIM-1,HCC22-088-P6-S2_D,VIM
0.8053259211020527,0.0,0.00010995779,0.0,0.005,0.00019154978974789689,0.0,0.0,0.005,ACTA2-1,HCC22-088-P6-S2_D,ACTA2
0.7591198834110988,0.0,0.00010995779,0.0,0.005,0.00017984592987960215,0.0,0.0,0.005,BCL2-1,HCC22-088-P6-S2_D,BCL2
0.5952870385737907,0.0,0.00010995779,0.0,0.005,0.0001341389370408235,0.0,0.0,0.005,CD19-1,HCC22-088-P6-S2_D,CD19
0.5902537351474677,0.0,0.00010995779,0.0,0.005,0.00014816467225634648,0.0,0.0,0.005,HLA-DRA,HCC22-088-P6-S2_D,HLA
0.5706575685037135,0.0,0.00010995779,0.0,0.005,0.00014498097402104542,0.0,0.0,0.005,PCNA-1,HCC22-088-P6-S2_D,PCNA
0.53916719336013,0.0,0.00010995779,0.0,0.005,0.00014578197515466038,0.0,0.0,0.005,CD4-1,HCC22-088-P6-S2_D,CD4
0.5362692802751277,0.0,0.00010995779,0.0,0.005,0.000137679876877847,0.0,0.0,0.005,PTPRC-2,HCC22-088-P6-S2_D,PTPRC
0.5345826828399045,0.0,0.00010995779,0.0,0.005,0.0001286268766547292,0.0,0.0,0.005,SDC1-1,HCC22-088-P6-S2_D,SDC1
0.4877747592096377,0.0,0.00010995779,0.0,0.005,0.00012465528739042316,0.0,0.0,0.005,CD163-1,HCC22-088-P6-S2_D,CD163
0.48594529611506,0.0,0.00010995779,0.0,0.005,0.00011948941924002835,0.0,0.0,0.005,CR2-1,HCC22-088-P6-S2_D,CR2
0.4638946888072632,0.0,0.00010995779,0.0,0.005,0.00011126580196850891,0.0,0.0,0.005,CD40-1,HCC22-088-P6-S2_D,CD40
0.45337801413900203,0.0,0.00010995779,0.0,0.005,0.00011388200062647717,0.0,0.0,0.005,CD14-1,HCC22-088-P6-S2_D,CD14
0.44347856108272393,0.0,0.00010995779,0.0,0.005,0.00011633449205348682,0.0,0.0,0.005,PDCD1-1,HCC22-088-P6-S2_D,PDCD1
0.4338479760332953,0.0,0.00010995779,0.0,0.005,0.00013042435853540866,0.0,0.0,0.005,KRT5-1,HCC22-088-P6-S2_D,KRT5
0.43097858112240733,0.0,0.00010995779,0.0,0.005,0.0001027994316406634,0.0,0.0,0.005,CD68-1,HCC22-088-P6-S2_D,CD68
0.4245907165749407,0.0,0.00010995779,0.0,0.005,0.00011425417229529716,0.0,0.0,0.005,PTPRC-1,HCC22-088-P6-S2_D,PTPRC
0.41474333280524034,0.0,0.00010995779,0.0,0.005,0.00010298120902735116,0.0,0.0,0.005,CD3E-1,HCC22-088-P6-S2_D,CD3E
0.41067781036438905,0.0,0.00010995779,0.0,0.005,0.0001291772449425786,0.0,0.0,0.005,CD27-1,HCC22-088-P6-S2_D,CD27
0.37358357229914746,0.0,0.00010995779,0.0,0.005,0.00010935364188310443,0.0,0.0,0.005,mouse_IgG2bk,HCC22-088-P6-S2_D,mouse_IgG2bk
0.37185201283373204,0.0,0.00010995779,0.0,0.005,0.00010131901729077956,0.0,0.0,0.005,rat_IgG2a,HCC22-088-P6-S2_D,rat_IgG2a
0.3715536384184641,0.0,0.00010995779,0.0,0.005,0.00010855229776665983,0.0,0.0,0.005,ITGAM-1,HCC22-088-P6-S2_D,ITGAM
0.35685973186350434,0.0,0.00010995779,0.0,0.005,8.948458743455013e-05,0.0,0.0,0.005,PECAM1-1,HCC22-088-P6-S2_D,PECAM1
0.3429198609007993,0.0,0.00010995779,0.0,0.005,9.28195968557745e-05,0.0,0.0,0.005,CCR7-1,HCC22-088-P6-S2_D,CCR7
0.3371198069968592,0.0,0.00010995779,0.0,0.005,0.0001214478254671536,0.0,0.0,0.005,EPCAM-1,HCC22-088-P6-S2_D,EPCAM
0.30412486099312874,0.0,0.00010995779,0.0,0.005,0.00011383843668658195,0.0,0.0,0.005,ITGAX-1,HCC22-088-P6-S2_D,ITGAX
0.28376789621355947,0.0,0.00010995779,0.0,0.005,9.647092229443337e-05,0.0,0.0,0.005,mouse_IgG1k,HCC22-088-P6-S2_D,mouse_IgG1k
0.2784961259683479,0.0,0.00010995779,0.0,0.005,8.457747386586204e-05,0.0,0.0,0.005,MS4A1-1,HCC22-088-P6-S2_D,MS4A1
0.2772855063367103,0.0,0.00010995779,0.0,0.005,0.00010712904011808793,0.0,0.0,0.005,CXCR5-1,HCC22-088-P6-S2_D,CXCR5
0.2116535658255401,0.0,0.00010995779,0.0,0.005,9.127764870600459e-05,0.0,0.0,0.005,CD8A-1,HCC22-088-P6-S2_D,CD8A
0.19494600295736392,0.0,0.00010995779,0.0,0.005,8.241136738191843e-05,0.0,0.0,0.005,mouse_IgG2a,HCC22-088-P6-S2_D,mouse_IgG2a
0.15629786481297184,0.0,0.00010995779,0.0,0.005,7.402527250298546e-05,0.0,0.0,0.005,FCGR3A-1,HCC22-088-P6-S2_D,FCGR3A
0.14788454663676165,0.0,0.00010995779,0.0,0.005,7.69976679751501e-05,0.0,0.0,0.005,CD274-1,HCC22-088-P6-S2_D,CD274
0.14363589524755027,0.0,0.00010995779,0.0,0.005,7.938043706877607e-05,0.0,0.0,0.005,CEACAM8-1,HCC22-088-P6-S2_D,CEACAM8
0.13643076119133438,0.0,0.00010995779,0.0,0.005,7.297723590839415e-05,0.0,0.0,0.005,PAX5-1,HCC22-088-P6-S2_D,PAX5
