sample,patient,treatment,program,moranI
HCC22-088-P1-S1,P1,pre,score_B_cell_activity,0.7002086671625452
HCC22-088-P1-S1,P1,pre,score_Estrogen_response,0.5594437139969479
HCC22-088-P1-S1,P1,pre,rna_epithelial_tumour,0.5166907814971919
HCC22-088-P1-S1,P1,pre,score_Myeloid_inflammation,0.47924611338627404
HCC22-088-P1-S1,P1,pre,score_Fibroblast_activation,0.29173139383684643
HCC22-088-P1-S1,P1,pre,rna_T_cells,0.2826900534406817
HCC22-088-P1-S1,P1,pre,score_Proliferation,0.1890794395971473
HCC22-088-P1-S1,P1,pre,score_EMT,0.17948663220300176
HCC22-088-P1-S1,P1,pre,score_T_cell_activity,0.10910386855784168
HCC22-088-P1-S1,P1,pre,score_Cytotoxicity,0.10813018038804634
HCC22-088-P1-S1,P1,pre,score_Angiogenesis,0.05342261795002599
HCC22-088-P1-S1,P1,pre,score_Interferon_response,0.020768526095989167
HCC22-088-P1-S1,P1,pre,score_Hypoxia,0.01799694689773352
HCC22-088-P1-S2,P1,post,score_Fibroblast_activation,0.7649171328826507
HCC22-088-P1-S2,P1,post,score_EMT,0.7394257462777426
HCC22-088-P1-S2,P1,post,rna_epithelial_tumour,0.6605301876660514
HCC22-088-P1-S2,P1,post,score_Myeloid_inflammation,0.6008007265928905
HCC22-088-P1-S2,P1,post,score_Estrogen_response,0.498005628369479
HCC22-088-P1-S2,P1,post,score_Interferon_response,0.36752150863944
HCC22-088-P1-S2,P1,post,score_Angiogenesis,0.26546998815202344
HCC22-088-P1-S2,P1,post,score_Proliferation,0.25312992870357154
HCC22-088-P1-S2,P1,post,score_B_cell_activity,0.2438989100444525
HCC22-088-P1-S2,P1,post,score_Cytotoxicity,0.12084549085918557
HCC22-088-P1-S2,P1,post,score_T_cell_activity,0.11174888587694184
HCC22-088-P1-S2,P1,post,rna_T_cells,0.1097242776960204
HCC22-088-P1-S2,P1,post,score_Hypoxia,0.10914959276014766
HCC22-088-P2-S1,P2,pre,score_Estrogen_response,0.6489851903546524
HCC22-088-P2-S1,P2,pre,rna_epithelial_tumour,0.4786916607498654
HCC22-088-P2-S1,P2,pre,score_Myeloid_inflammation,0.4532855130649895
HCC22-088-P2-S1,P2,pre,score_Fibroblast_activation,0.4121190389666007
HCC22-088-P2-S1,P2,pre,score_B_cell_activity,0.26132976638993416
HCC22-088-P2-S1,P2,pre,score_EMT,0.25015330339690117
HCC22-088-P2-S1,P2,pre,score_Angiogenesis,0.07320222648660642
HCC22-088-P2-S1,P2,pre,score_Interferon_response,0.0669871263577958
HCC22-088-P2-S1,P2,pre,score_Proliferation,0.05263786769662651
HCC22-088-P2-S1,P2,pre,score_Cytotoxicity,0.03945717205256979
HCC22-088-P2-S1,P2,pre,score_T_cell_activity,0.009269935117877236
HCC22-088-P2-S1,P2,pre,score_Hypoxia,-0.0008925647358155383
HCC22-088-P2-S1,P2,pre,rna_T_cells,-0.014298851512287507
HCC22-088-P2-S2,P2,post,score_Estrogen_response,0.7191471523337384
HCC22-088-P2-S2,P2,post,score_Myeloid_inflammation,0.556438549952823
HCC22-088-P2-S2,P2,post,rna_epithelial_tumour,0.5345374159062222
HCC22-088-P2-S2,P2,post,score_Fibroblast_activation,0.41173640948722684
HCC22-088-P2-S2,P2,post,score_EMT,0.3701772167407108
HCC22-088-P2-S2,P2,post,score_B_cell_activity,0.26359271063577544
HCC22-088-P2-S2,P2,post,score_Angiogenesis,0.10005536889735016
HCC22-088-P2-S2,P2,post,score_Interferon_response,0.08080652133617587
HCC22-088-P2-S2,P2,post,score_Proliferation,0.0482221465799439
HCC22-088-P2-S2,P2,post,score_Cytotoxicity,0.028198200711923485
HCC22-088-P2-S2,P2,post,score_Hypoxia,0.0144952495469357
HCC22-088-P2-S2,P2,post,score_T_cell_activity,0.013919298383321232
HCC22-088-P2-S2,P2,post,rna_T_cells,0.013318175507936285
HCC22-088-P3-S1_A,P3,pre,score_Interferon_response,0.818514672505587
HCC22-088-P3-S1_A,P3,pre,score_Estrogen_response,0.7180333176211995
HCC22-088-P3-S1_A,P3,pre,rna_epithelial_tumour,0.6277263940902096
HCC22-088-P3-S1_A,P3,pre,score_Fibroblast_activation,0.6081344150992803
HCC22-088-P3-S1_A,P3,pre,score_Myeloid_inflammation,0.5356937698198826
HCC22-088-P3-S1_A,P3,pre,score_B_cell_activity,0.39963207137459444
HCC22-088-P3-S1_A,P3,pre,rna_T_cells,0.24916086884904745
HCC22-088-P3-S1_A,P3,pre,score_EMT,0.20846892497992997
HCC22-088-P3-S1_A,P3,pre,score_T_cell_activity,0.18061086105555355
HCC22-088-P3-S1_A,P3,pre,score_Angiogenesis,0.16649273656184277
HCC22-088-P3-S1_A,P3,pre,score_Proliferation,0.14509740359919232
HCC22-088-P3-S1_A,P3,pre,score_Cytotoxicity,0.10345107213882586
HCC22-088-P3-S1_A,P3,pre,score_Hypoxia,0.015903470839684224
HCC22-088-P3-S2,P3,post,score_Fibroblast_activation,0.5517362426445713
HCC22-088-P3-S2,P3,post,score_B_cell_activity,0.49367942419381533
HCC22-088-P3-S2,P3,post,rna_epithelial_tumour,0.3733722839599756
HCC22-088-P3-S2,P3,post,score_Estrogen_response,0.28504065812668233
HCC22-088-P3-S2,P3,post,score_EMT,0.26628957086403
HCC22-088-P3-S2,P3,post,score_Myeloid_inflammation,0.22627125934798328
HCC22-088-P3-S2,P3,post,score_T_cell_activity,0.17587231810018378
HCC22-088-P3-S2,P3,post,score_Interferon_response,0.17145586028245252
HCC22-088-P3-S2,P3,post,rna_T_cells,0.13138366942623725
HCC22-088-P3-S2,P3,post,score_Cytotoxicity,0.10916039034059617
HCC22-088-P3-S2,P3,post,score_Angiogenesis,0.1069292641860382
HCC22-088-P3-S2,P3,post,score_Hypoxia,0.06462794956240105
HCC22-088-P3-S2,P3,post,score_Proliferation,0.005993411246077331
HCC22-088-P4-S1,P4,pre,rna_epithelial_tumour,0.28441444089663687
HCC22-088-P4-S1,P4,pre,score_Fibroblast_activation,0.24898738953330712
HCC22-088-P4-S1,P4,pre,score_EMT,0.20827837403351243
HCC22-088-P4-S1,P4,pre,score_Estrogen_response,0.18391469230273558
HCC22-088-P4-S1,P4,pre,rna_T_cells,0.1664111663959343
HCC22-088-P4-S1,P4,pre,score_Interferon_response,0.1645057539926437
HCC22-088-P4-S1,P4,pre,score_Myeloid_inflammation,0.14578690555882592
HCC22-088-P4-S1,P4,pre,score_B_cell_activity,0.1399354369775806
HCC22-088-P4-S1,P4,pre,score_T_cell_activity,0.07749723680879257
HCC22-088-P4-S1,P4,pre,score_Proliferation,0.044772174688056304
HCC22-088-P4-S1,P4,pre,score_Hypoxia,0.03821204816173756
HCC22-088-P4-S1,P4,pre,score_Cytotoxicity,0.03081273716047932
HCC22-088-P4-S1,P4,pre,score_Angiogenesis,-0.025363613606218593
HCC22-088-P4-S2,P4,post,rna_epithelial_tumour,0.668067130590722
HCC22-088-P4-S2,P4,post,score_Fibroblast_activation,0.5983735981772167
HCC22-088-P4-S2,P4,post,score_Estrogen_response,0.584820654206858
HCC22-088-P4-S2,P4,post,score_EMT,0.5360438127929739
HCC22-088-P4-S2,P4,post,score_Interferon_response,0.3499266265981147
HCC22-088-P4-S2,P4,post,score_Myeloid_inflammation,0.29908025793534254
HCC22-088-P4-S2,P4,post,score_B_cell_activity,0.26167273388195084
HCC22-088-P4-S2,P4,post,score_Cytotoxicity,0.11115388799398576
HCC22-088-P4-S2,P4,post,score_Angiogenesis,0.10486458263123873
HCC22-088-P4-S2,P4,post,score_T_cell_activity,0.10385150168178665
HCC22-088-P4-S2,P4,post,score_Proliferation,0.09074646244647425
HCC22-088-P4-S2,P4,post,rna_T_cells,0.061263215568697564
HCC22-088-P4-S2,P4,post,score_Hypoxia,0.03938691808554501
HCC22-088-P5-S1,P5,pre,score_Estrogen_response,0.5105624349785238
HCC22-088-P5-S1,P5,pre,score_Fibroblast_activation,0.4701059613472146
HCC22-088-P5-S1,P5,pre,rna_epithelial_tumour,0.44941862234891117
HCC22-088-P5-S1,P5,pre,score_EMT,0.4224378560659474
HCC22-088-P5-S1,P5,pre,score_B_cell_activity,0.3983197907565818
HCC22-088-P5-S1,P5,pre,score_Myeloid_inflammation,0.29081297627115715
HCC22-088-P5-S1,P5,pre,score_Interferon_response,0.07266027088924269
HCC22-088-P5-S1,P5,pre,score_Angiogenesis,0.06979548714336467
HCC22-088-P5-S1,P5,pre,score_T_cell_activity,0.02305948030087794
HCC22-088-P5-S1,P5,pre,rna_T_cells,0.00536981298756274
HCC22-088-P5-S1,P5,pre,score_Hypoxia,0.005277368569586579
HCC22-088-P5-S1,P5,pre,score_Cytotoxicity,0.0026539859362258215
HCC22-088-P5-S1,P5,pre,score_Proliferation,-0.01771949720124541
HCC22-088-P5-S2,P5,post,score_Estrogen_response,0.6265521325362722
HCC22-088-P5-S2,P5,post,rna_epithelial_tumour,0.39481321635912286
HCC22-088-P5-S2,P5,post,score_Fibroblast_activation,0.3380045779064142
HCC22-088-P5-S2,P5,post,score_B_cell_activity,0.24886913201211547
HCC22-088-P5-S2,P5,post,score_EMT,0.1597391170308848
HCC22-088-P5-S2,P5,post,score_Angiogenesis,0.09217066959381606
HCC22-088-P5-S2,P5,post,score_Myeloid_inflammation,0.08907074212692769
HCC22-088-P5-S2,P5,post,rna_T_cells,0.037315263798112126
HCC22-088-P5-S2,P5,post,score_Hypoxia,0.03060272334451442
HCC22-088-P5-S2,P5,post,score_Interferon_response,0.01564923985131511
HCC22-088-P5-S2,P5,post,score_Proliferation,0.008807721111730693
HCC22-088-P5-S2,P5,post,score_Cytotoxicity,0.0038367202287437887
HCC22-088-P5-S2,P5,post,score_T_cell_activity,-0.00039796671574032603
HCC22-088-P6-S1,P6,pre,score_Estrogen_response,0.3917625776480304
HCC22-088-P6-S1,P6,pre,score_EMT,0.26007366107732416
HCC22-088-P6-S1,P6,pre,score_Fibroblast_activation,0.2574583685348837
HCC22-088-P6-S1,P6,pre,score_B_cell_activity,0.17022299732412455
HCC22-088-P6-S1,P6,pre,rna_epithelial_tumour,0.11679683631317313
HCC22-088-P6-S1,P6,pre,score_Angiogenesis,0.08596324686576275
HCC22-088-P6-S1,P6,pre,score_Proliferation,0.06984666939995683
HCC22-088-P6-S1,P6,pre,score_Hypoxia,0.06159498738797897
HCC22-088-P6-S1,P6,pre,score_Myeloid_inflammation,0.03078258517625669
HCC22-088-P6-S1,P6,pre,score_Interferon_response,0.021313507091638487
HCC22-088-P6-S1,P6,pre,rna_T_cells,0.018735821209751945
HCC22-088-P6-S1,P6,pre,score_T_cell_activity,0.003836909237725994
HCC22-088-P6-S1,P6,pre,score_Cytotoxicity,-0.01602793990970258
HCC22-088-P6-S2_D,P6,post,score_Fibroblast_activation,0.586138255285834
HCC22-088-P6-S2_D,P6,post,score_Estrogen_response,0.5681066958012918
HCC22-088-P6-S2_D,P6,post,rna_epithelial_tumour,0.5439197326844193
HCC22-088-P6-S2_D,P6,post,score_B_cell_activity,0.36401445596799453
HCC22-088-P6-S2_D,P6,post,score_Myeloid_inflammation,0.3027150675671324
HCC22-088-P6-S2_D,P6,post,score_EMT,0.14134610257084948
HCC22-088-P6-S2_D,P6,post,score_Interferon_response,0.10456365643716076
HCC22-088-P6-S2_D,P6,post,score_Cytotoxicity,0.09950813949962078
HCC22-088-P6-S2_D,P6,post,score_T_cell_activity,0.08742060163047186
HCC22-088-P6-S2_D,P6,post,rna_T_cells,0.05862763881470901
HCC22-088-P6-S2_D,P6,post,score_Angiogenesis,0.05332710157286328
HCC22-088-P6-S2_D,P6,post,score_Proliferation,0.02231451523875983
HCC22-088-P6-S2_D,P6,post,score_Hypoxia,0.019624745684362434
