sample,patient,treatment,ligand,receptor,category,interface_score,ref_score,n_interface
HCC22-088-P1-S1,P1,pre,CXCL10,CXCR3,Immune->Tumour,0.0,0.26571712,16
HCC22-088-P1-S1,P1,pre,CXCL9,CXCR3,Immune->Tumour,0.0,0.24116258,16
HCC22-088-P1-S1,P1,pre,CXCL11,CXCR3,Immune->Tumour,0.0,0.20778336,16
HCC22-088-P1-S1,P1,pre,CCL5,CCR5,Immune->Tumour,0.0,0.8559071,16
HCC22-088-P1-S1,P1,pre,CCL2,CCR2,Immune->Tumour,0.0,0.11490698,16
HCC22-088-P1-S1,P1,pre,CCL3,CCR1,Immune->Tumour,0.0,0.031569075,16
HCC22-088-P1-S1,P1,pre,TNF,TNFRSF1A,Immune->Tumour,0.0,0.0,16
HCC22-088-P1-S1,P1,pre,IL1B,IL1R1,Immune->Tumour,0.0,0.0,16
HCC22-088-P1-S1,P1,pre,IFNG,IFNGR1,Immune->Tumour,0.0,0.0,16
HCC22-088-P1-S1,P1,pre,CSF1,CSF1R,Immune->Tumour,0.43898058,0.99429137,16
HCC22-088-P1-S1,P1,pre,MIF,CD74,Immune->Tumour,22.036615,47.63052,16
HCC22-088-P1-S1,P1,pre,CD274,PDCD1,Immune->Immune(checkpoint),0.0,0.0,16
HCC22-088-P1-S1,P1,pre,LGALS9,HAVCR2,Immune->Immune(checkpoint),1.1738911,0.23507142,16
HCC22-088-P1-S1,P1,pre,CD40LG,CD40,Immune->Immune,0.0,0.3801201,16
HCC22-088-P1-S1,P1,pre,MDK,LRP1,Tumour->Immune,10.487625,5.684892,16
HCC22-088-P1-S1,P1,pre,MDK,ITGA6,Tumour->Immune,0.0,4.3957605,16
HCC22-088-P1-S1,P1,pre,TGFB1,TGFBR1,Tumour->Immune,0.0,0.5617243,16
HCC22-088-P1-S1,P1,pre,VEGFA,KDR,Tumour->Immune,2.2151232,0.0,16
HCC22-088-P1-S1,P1,pre,VEGFA,FLT1,Tumour->Immune,2.400659,0.0,16
HCC22-088-P1-S1,P1,pre,AREG,EGFR,Tumour->Immune,0.0,0.0,16
HCC22-088-P1-S1,P1,pre,HBEGF,EGFR,Tumour->Immune,0.0,0.07620067,16
HCC22-088-P1-S1,P1,pre,CXCL12,CXCR4,Tumour->Immune,20.133198,6.1046457,16
HCC22-088-P1-S1,P1,pre,CSF1,CSF1R,Tumour->Immune(myeloid),0.48397228,0.99429137,16
HCC22-088-P1-S1,P1,pre,PDGFB,PDGFRB,Tumour->Stroma,3.4802208,1.9006383,16
HCC22-088-P1-S1,P1,pre,FGF2,FGFR1,Tumour->Stroma,0.0,0.16353714,16
HCC22-088-P1-S1,P1,pre,COL1A1,SDC1,Stroma->Tumour,9.36773,6.9164934,16
HCC22-088-P1-S2,P1,post,CXCL10,CXCR3,Immune->Tumour,0.09856418,0.04859476,439
HCC22-088-P1-S2,P1,post,CXCL9,CXCR3,Immune->Tumour,0.043048345,0.015946036,439
HCC22-088-P1-S2,P1,post,CXCL11,CXCR3,Immune->Tumour,0.010346338,0.014451638,439
HCC22-088-P1-S2,P1,post,CCL5,CCR5,Immune->Tumour,0.10693979,0.052057013,439
HCC22-088-P1-S2,P1,post,CCL2,CCR2,Immune->Tumour,0.116013475,0.044694625,439
HCC22-088-P1-S2,P1,post,CCL3,CCR1,Immune->Tumour,0.101731025,0.18345584,439
HCC22-088-P1-S2,P1,post,TNF,TNFRSF1A,Immune->Tumour,0.43029913,0.5191371,439
HCC22-088-P1-S2,P1,post,IL1B,IL1R1,Immune->Tumour,1.0157589,0.5469708,439
HCC22-088-P1-S2,P1,post,IFNG,IFNGR1,Immune->Tumour,0.0,0.100620285,439
HCC22-088-P1-S2,P1,post,CSF1,CSF1R,Immune->Tumour,1.1801757,0.9930279,439
HCC22-088-P1-S2,P1,post,MIF,CD74,Immune->Tumour,30.231739,38.212574,439
HCC22-088-P1-S2,P1,post,CD274,PDCD1,Immune->Immune(checkpoint),0.013712876,0.011547948,439
HCC22-088-P1-S2,P1,post,LGALS9,HAVCR2,Immune->Immune(checkpoint),0.78596467,0.63709915,439
HCC22-088-P1-S2,P1,post,CD40LG,CD40,Immune->Immune,0.055031553,0.05339037,439
HCC22-088-P1-S2,P1,post,MDK,LRP1,Tumour->Immune,7.4980083,8.862043,439
HCC22-088-P1-S2,P1,post,MDK,ITGA6,Tumour->Immune,5.3641605,6.275568,439
HCC22-088-P1-S2,P1,post,TGFB1,TGFBR1,Tumour->Immune,0.7213699,0.6249406,439
HCC22-088-P1-S2,P1,post,VEGFA,KDR,Tumour->Immune,7.843156,4.039745,439
HCC22-088-P1-S2,P1,post,VEGFA,FLT1,Tumour->Immune,4.9104953,3.099682,439
HCC22-088-P1-S2,P1,post,AREG,EGFR,Tumour->Immune,0.0060395687,0.019159859,439
HCC22-088-P1-S2,P1,post,HBEGF,EGFR,Tumour->Immune,0.05437956,0.052723736,439
HCC22-088-P1-S2,P1,post,CXCL12,CXCR4,Tumour->Immune,2.9192452,4.3442774,439
HCC22-088-P1-S2,P1,post,CSF1,CSF1R,Tumour->Immune(myeloid),1.2874198,0.9930279,439
HCC22-088-P1-S2,P1,post,PDGFB,PDGFRB,Tumour->Stroma,2.2243335,2.0169683,439
HCC22-088-P1-S2,P1,post,FGF2,FGFR1,Tumour->Stroma,0.15417343,0.16531798,439
HCC22-088-P1-S2,P1,post,COL1A1,SDC1,Stroma->Tumour,8.039268,7.9364066,439
HCC22-088-P2-S1,P2,pre,CXCL10,CXCR3,Immune->Tumour,0.0,0.0,75
HCC22-088-P2-S1,P2,pre,CXCL9,CXCR3,Immune->Tumour,0.0,0.0,75
HCC22-088-P2-S1,P2,pre,CXCL11,CXCR3,Immune->Tumour,0.0,0.0,75
HCC22-088-P2-S1,P2,pre,CCL5,CCR5,Immune->Tumour,0.0,0.08035852,75
HCC22-088-P2-S1,P2,pre,CCL2,CCR2,Immune->Tumour,0.0,0.013036313,75
HCC22-088-P2-S1,P2,pre,CCL3,CCR1,Immune->Tumour,0.0,0.32860398,75
HCC22-088-P2-S1,P2,pre,TNF,TNFRSF1A,Immune->Tumour,0.0,0.0,75
HCC22-088-P2-S1,P2,pre,IL1B,IL1R1,Immune->Tumour,0.12609482,0.32844457,75
HCC22-088-P2-S1,P2,pre,IFNG,IFNGR1,Immune->Tumour,0.0,0.0,75
HCC22-088-P2-S1,P2,pre,CSF1,CSF1R,Immune->Tumour,0.47638237,2.0097122,75
HCC22-088-P2-S1,P2,pre,MIF,CD74,Immune->Tumour,2.7318625,9.078547,75
HCC22-088-P2-S1,P2,pre,CD274,PDCD1,Immune->Immune(checkpoint),0.0,0.0,75
HCC22-088-P2-S1,P2,pre,LGALS9,HAVCR2,Immune->Immune(checkpoint),0.12145867,0.55529416,75
HCC22-088-P2-S1,P2,pre,CD40LG,CD40,Immune->Immune,0.0,0.0,75
HCC22-088-P2-S1,P2,pre,MDK,LRP1,Tumour->Immune,4.057966,8.492773,75
HCC22-088-P2-S1,P2,pre,MDK,ITGA6,Tumour->Immune,2.916729,1.9268506,75
HCC22-088-P2-S1,P2,pre,TGFB1,TGFBR1,Tumour->Immune,0.0,0.5087643,75
HCC22-088-P2-S1,P2,pre,VEGFA,KDR,Tumour->Immune,0.6023123,0.08042637,75
HCC22-088-P2-S1,P2,pre,VEGFA,FLT1,Tumour->Immune,0.0,0.3288413,75
HCC22-088-P2-S1,P2,pre,AREG,EGFR,Tumour->Immune,0.06456541,0.09270282,75
HCC22-088-P2-S1,P2,pre,HBEGF,EGFR,Tumour->Immune,0.19597392,0.0,75
HCC22-088-P2-S1,P2,pre,CXCL12,CXCR4,Tumour->Immune,1.5503778,4.0679502,75
HCC22-088-P2-S1,P2,pre,CSF1,CSF1R,Tumour->Immune(myeloid),0.132895,2.0097122,75
HCC22-088-P2-S1,P2,pre,PDGFB,PDGFRB,Tumour->Stroma,0.81278,1.6826353,75
HCC22-088-P2-S1,P2,pre,FGF2,FGFR1,Tumour->Stroma,0.40112346,0.39192227,75
HCC22-088-P2-S1,P2,pre,COL1A1,SDC1,Stroma->Tumour,3.6394334,1.2468964,75
HCC22-088-P2-S2,P2,post,CXCL10,CXCR3,Immune->Tumour,0.0,0.0,206
HCC22-088-P2-S2,P2,post,CXCL9,CXCR3,Immune->Tumour,0.0,0.0,206
HCC22-088-P2-S2,P2,post,CXCL11,CXCR3,Immune->Tumour,0.0,0.0,206
HCC22-088-P2-S2,P2,post,CCL5,CCR5,Immune->Tumour,0.0,0.0064139077,206
HCC22-088-P2-S2,P2,post,CCL2,CCR2,Immune->Tumour,0.0,0.028561398,206
HCC22-088-P2-S2,P2,post,CCL3,CCR1,Immune->Tumour,0.0,0.0,206
HCC22-088-P2-S2,P2,post,TNF,TNFRSF1A,Immune->Tumour,0.10600987,0.020242551,206
HCC22-088-P2-S2,P2,post,IL1B,IL1R1,Immune->Tumour,0.11469875,0.33400813,206
HCC22-088-P2-S2,P2,post,IFNG,IFNGR1,Immune->Tumour,0.0,0.017242502,206
HCC22-088-P2-S2,P2,post,CSF1,CSF1R,Immune->Tumour,0.33108887,0.5572824,206
HCC22-088-P2-S2,P2,post,MIF,CD74,Immune->Tumour,1.2729642,2.4468443,206
HCC22-088-P2-S2,P2,post,CD274,PDCD1,Immune->Immune(checkpoint),0.0,0.0,206
HCC22-088-P2-S2,P2,post,LGALS9,HAVCR2,Immune->Immune(checkpoint),0.0,0.019301087,206
HCC22-088-P2-S2,P2,post,CD40LG,CD40,Immune->Immune,0.0,0.009924299,206
HCC22-088-P2-S2,P2,post,MDK,LRP1,Tumour->Immune,2.2430058,2.5535204,206
HCC22-088-P2-S2,P2,post,MDK,ITGA6,Tumour->Immune,0.90180224,1.3119432,206
HCC22-088-P2-S2,P2,post,TGFB1,TGFBR1,Tumour->Immune,0.06405532,0.050916795,206
HCC22-088-P2-S2,P2,post,VEGFA,KDR,Tumour->Immune,0.074806295,0.19283868,206
HCC22-088-P2-S2,P2,post,VEGFA,FLT1,Tumour->Immune,0.13987598,0.0,206
HCC22-088-P2-S2,P2,post,AREG,EGFR,Tumour->Immune,0.023253154,0.11447641,206
HCC22-088-P2-S2,P2,post,HBEGF,EGFR,Tumour->Immune,0.056063816,0.23743854,206
HCC22-088-P2-S2,P2,post,CXCL12,CXCR4,Tumour->Immune,1.5304465,0.21981683,206
HCC22-088-P2-S2,P2,post,CSF1,CSF1R,Tumour->Immune(myeloid),0.13370904,0.5572824,206
HCC22-088-P2-S2,P2,post,PDGFB,PDGFRB,Tumour->Stroma,0.58842367,0.6363057,206
HCC22-088-P2-S2,P2,post,FGF2,FGFR1,Tumour->Stroma,0.29937986,0.21333164,206
HCC22-088-P2-S2,P2,post,COL1A1,SDC1,Stroma->Tumour,2.9480786,4.18633,206
HCC22-088-P3-S2,P3,post,CXCL10,CXCR3,Immune->Tumour,0.0,0.032654416,43
HCC22-088-P3-S2,P3,post,CXCL9,CXCR3,Immune->Tumour,0.0,0.03424428,43
HCC22-088-P3-S2,P3,post,CXCL11,CXCR3,Immune->Tumour,0.0,0.016379893,43
HCC22-088-P3-S2,P3,post,CCL5,CCR5,Immune->Tumour,0.43701342,0.18297003,43
HCC22-088-P3-S2,P3,post,CCL2,CCR2,Immune->Tumour,0.0,0.100028194,43
HCC22-088-P3-S2,P3,post,CCL3,CCR1,Immune->Tumour,0.0,0.12896384,43
HCC22-088-P3-S2,P3,post,TNF,TNFRSF1A,Immune->Tumour,2.0567155,0.59189296,43
HCC22-088-P3-S2,P3,post,IL1B,IL1R1,Immune->Tumour,1.2573519,1.4771291,43
HCC22-088-P3-S2,P3,post,IFNG,IFNGR1,Immune->Tumour,0.0,0.36324513,43
HCC22-088-P3-S2,P3,post,CSF1,CSF1R,Immune->Tumour,3.7921553,1.9392911,43
HCC22-088-P3-S2,P3,post,MIF,CD74,Immune->Tumour,10.664317,5.928442,43
HCC22-088-P3-S2,P3,post,CD274,PDCD1,Immune->Immune(checkpoint),0.0,0.034843363,43
HCC22-088-P3-S2,P3,post,LGALS9,HAVCR2,Immune->Immune(checkpoint),1.6356834,0.26775154,43
HCC22-088-P3-S2,P3,post,CD40LG,CD40,Immune->Immune,0.0,0.11207742,43
HCC22-088-P3-S2,P3,post,MDK,LRP1,Tumour->Immune,20.533312,15.56719,43
HCC22-088-P3-S2,P3,post,MDK,ITGA6,Tumour->Immune,9.158565,10.687932,43
HCC22-088-P3-S2,P3,post,TGFB1,TGFBR1,Tumour->Immune,3.2969882,0.867162,43
HCC22-088-P3-S2,P3,post,VEGFA,KDR,Tumour->Immune,4.629698,3.6791053,43
HCC22-088-P3-S2,P3,post,VEGFA,FLT1,Tumour->Immune,4.9878078,1.9616773,43
HCC22-088-P3-S2,P3,post,AREG,EGFR,Tumour->Immune,1.1311272,0.527463,43
HCC22-088-P3-S2,P3,post,HBEGF,EGFR,Tumour->Immune,2.2669826,0.93683535,43
HCC22-088-P3-S2,P3,post,CXCL12,CXCR4,Tumour->Immune,10.061908,6.2206435,43
HCC22-088-P3-S2,P3,post,CSF1,CSF1R,Tumour->Immune(myeloid),3.0887506,1.9392911,43
HCC22-088-P3-S2,P3,post,PDGFB,PDGFRB,Tumour->Stroma,9.881997,2.186554,43
HCC22-088-P3-S2,P3,post,FGF2,FGFR1,Tumour->Stroma,1.9126824,0.9518341,43
HCC22-088-P3-S2,P3,post,COL1A1,SDC1,Stroma->Tumour,5.5738335,10.119723,43
HCC22-088-P4-S1,P4,pre,CXCL10,CXCR3,Immune->Tumour,0.0,0.0,211
HCC22-088-P4-S1,P4,pre,CXCL9,CXCR3,Immune->Tumour,0.0,0.0,211
HCC22-088-P4-S1,P4,pre,CXCL11,CXCR3,Immune->Tumour,0.0,0.0,211
HCC22-088-P4-S1,P4,pre,CCL5,CCR5,Immune->Tumour,0.0,0.0,211
HCC22-088-P4-S1,P4,pre,CCL2,CCR2,Immune->Tumour,0.0,0.0,211
HCC22-088-P4-S1,P4,pre,CCL3,CCR1,Immune->Tumour,0.0,0.0,211
HCC22-088-P4-S1,P4,pre,TNF,TNFRSF1A,Immune->Tumour,0.0,0.0,211
HCC22-088-P4-S1,P4,pre,IL1B,IL1R1,Immune->Tumour,0.0,0.0,211
HCC22-088-P4-S1,P4,pre,IFNG,IFNGR1,Immune->Tumour,0.0,0.0,211
HCC22-088-P4-S1,P4,pre,CSF1,CSF1R,Immune->Tumour,0.04260821,0.0,211
HCC22-088-P4-S1,P4,pre,MIF,CD74,Immune->Tumour,0.6948246,0.0,211
HCC22-088-P4-S1,P4,pre,CD274,PDCD1,Immune->Immune(checkpoint),0.0,0.0,211
HCC22-088-P4-S1,P4,pre,LGALS9,HAVCR2,Immune->Immune(checkpoint),0.022042649,0.0,211
HCC22-088-P4-S1,P4,pre,CD40LG,CD40,Immune->Immune,0.0,0.0,211
HCC22-088-P4-S1,P4,pre,MDK,LRP1,Tumour->Immune,0.8257254,0.0,211
HCC22-088-P4-S1,P4,pre,MDK,ITGA6,Tumour->Immune,0.036164265,0.0,211
HCC22-088-P4-S1,P4,pre,TGFB1,TGFBR1,Tumour->Immune,0.07765757,0.0,211
HCC22-088-P4-S1,P4,pre,VEGFA,KDR,Tumour->Immune,0.022425465,0.04389198,211
HCC22-088-P4-S1,P4,pre,VEGFA,FLT1,Tumour->Immune,0.04526322,0.0670948,211
HCC22-088-P4-S1,P4,pre,AREG,EGFR,Tumour->Immune,0.0,0.0,211
HCC22-088-P4-S1,P4,pre,HBEGF,EGFR,Tumour->Immune,0.0,0.0,211
HCC22-088-P4-S1,P4,pre,CXCL12,CXCR4,Tumour->Immune,0.21745706,1.0503392,211
HCC22-088-P4-S1,P4,pre,CSF1,CSF1R,Tumour->Immune(myeloid),0.30364466,0.0,211
HCC22-088-P4-S1,P4,pre,PDGFB,PDGFRB,Tumour->Stroma,0.12920542,0.33784458,211
HCC22-088-P4-S1,P4,pre,FGF2,FGFR1,Tumour->Stroma,0.082421765,0.0,211
HCC22-088-P4-S1,P4,pre,COL1A1,SDC1,Stroma->Tumour,10.544294,8.837282,211
HCC22-088-P4-S2,P4,post,CXCL10,CXCR3,Immune->Tumour,0.0,0.0091856755,106
HCC22-088-P4-S2,P4,post,CXCL9,CXCR3,Immune->Tumour,0.0,0.003080621,106
HCC22-088-P4-S2,P4,post,CXCL11,CXCR3,Immune->Tumour,0.0,0.0028761711,106
HCC22-088-P4-S2,P4,post,CCL5,CCR5,Immune->Tumour,0.0,0.023205215,106
HCC22-088-P4-S2,P4,post,CCL2,CCR2,Immune->Tumour,0.0,0.042986304,106
HCC22-088-P4-S2,P4,post,CCL3,CCR1,Immune->Tumour,0.08610188,0.1157222,106
HCC22-088-P4-S2,P4,post,TNF,TNFRSF1A,Immune->Tumour,0.313298,0.2537257,106
HCC22-088-P4-S2,P4,post,IL1B,IL1R1,Immune->Tumour,0.0,0.097203925,106
HCC22-088-P4-S2,P4,post,IFNG,IFNGR1,Immune->Tumour,0.11143125,0.01279161,106
HCC22-088-P4-S2,P4,post,CSF1,CSF1R,Immune->Tumour,0.81834674,0.7338261,106
HCC22-088-P4-S2,P4,post,MIF,CD74,Immune->Tumour,9.218441,12.1250105,106
HCC22-088-P4-S2,P4,post,CD274,PDCD1,Immune->Immune(checkpoint),0.0,0.002260238,106
HCC22-088-P4-S2,P4,post,LGALS9,HAVCR2,Immune->Immune(checkpoint),0.59147584,0.64824706,106
HCC22-088-P4-S2,P4,post,CD40LG,CD40,Immune->Immune,0.012044079,0.0112940315,106
HCC22-088-P4-S2,P4,post,MDK,LRP1,Tumour->Immune,9.258462,8.902821,106
HCC22-088-P4-S2,P4,post,MDK,ITGA6,Tumour->Immune,2.2204762,1.4934279,106
HCC22-088-P4-S2,P4,post,TGFB1,TGFBR1,Tumour->Immune,0.699885,0.32649595,106
HCC22-088-P4-S2,P4,post,VEGFA,KDR,Tumour->Immune,0.75799084,0.67637414,106
HCC22-088-P4-S2,P4,post,VEGFA,FLT1,Tumour->Immune,0.7242504,1.3107272,106
HCC22-088-P4-S2,P4,post,AREG,EGFR,Tumour->Immune,0.24167804,0.15162222,106
HCC22-088-P4-S2,P4,post,HBEGF,EGFR,Tumour->Immune,0.04992228,0.012028741,106
HCC22-088-P4-S2,P4,post,CXCL12,CXCR4,Tumour->Immune,1.591664,1.3071871,106
HCC22-088-P4-S2,P4,post,CSF1,CSF1R,Tumour->Immune(myeloid),1.1890808,0.7338261,106
HCC22-088-P4-S2,P4,post,PDGFB,PDGFRB,Tumour->Stroma,0.6068249,1.1145364,106
HCC22-088-P4-S2,P4,post,FGF2,FGFR1,Tumour->Stroma,0.0,0.10284796,106
HCC22-088-P4-S2,P4,post,COL1A1,SDC1,Stroma->Tumour,16.351974,12.392363,106
HCC22-088-P4-S2_1i_rep,P4,post,CXCL10,CXCR3,Immune->Tumour,0.0025212625,0.0011653639,321
HCC22-088-P4-S2_1i_rep,P4,post,CXCL9,CXCR3,Immune->Tumour,0.002294939,0.00037736344,321
HCC22-088-P4-S2_1i_rep,P4,post,CXCL11,CXCR3,Immune->Tumour,0.0,0.0,321
HCC22-088-P4-S2_1i_rep,P4,post,CCL5,CCR5,Immune->Tumour,0.0,0.0018415579,321
HCC22-088-P4-S2_1i_rep,P4,post,CCL2,CCR2,Immune->Tumour,0.009556035,0.0031969803,321
HCC22-088-P4-S2_1i_rep,P4,post,CCL3,CCR1,Immune->Tumour,0.0,0.0009840162,321
HCC22-088-P4-S2_1i_rep,P4,post,TNF,TNFRSF1A,Immune->Tumour,0.026172379,0.0,321
HCC22-088-P4-S2_1i_rep,P4,post,IL1B,IL1R1,Immune->Tumour,0.035159044,0.018813167,321
HCC22-088-P4-S2_1i_rep,P4,post,IFNG,IFNGR1,Immune->Tumour,0.025098158,0.0023796295,321
HCC22-088-P4-S2_1i_rep,P4,post,CSF1,CSF1R,Immune->Tumour,0.10065333,0.06300275,321
HCC22-088-P4-S2_1i_rep,P4,post,MIF,CD74,Immune->Tumour,1.728242,1.2639645,321
HCC22-088-P4-S2_1i_rep,P4,post,CD274,PDCD1,Immune->Immune(checkpoint),0.004470177,0.0,321
HCC22-088-P4-S2_1i_rep,P4,post,LGALS9,HAVCR2,Immune->Immune(checkpoint),0.013695544,0.00185093,321
HCC22-088-P4-S2_1i_rep,P4,post,CD40LG,CD40,Immune->Immune,0.0,0.0,321
HCC22-088-P4-S2_1i_rep,P4,post,MDK,LRP1,Tumour->Immune,1.6837456,1.8118145,321
HCC22-088-P4-S2_1i_rep,P4,post,MDK,ITGA6,Tumour->Immune,0.41925982,1.1935169,321
HCC22-088-P4-S2_1i_rep,P4,post,TGFB1,TGFBR1,Tumour->Immune,0.029072644,0.007900258,321
HCC22-088-P4-S2_1i_rep,P4,post,VEGFA,KDR,Tumour->Immune,0.0,0.028199641,321
HCC22-088-P4-S2_1i_rep,P4,post,VEGFA,FLT1,Tumour->Immune,0.0,0.04214706,321
HCC22-088-P4-S2_1i_rep,P4,post,AREG,EGFR,Tumour->Immune,0.0,0.022435276,321
HCC22-088-P4-S2_1i_rep,P4,post,HBEGF,EGFR,Tumour->Immune,0.019903522,0.043198694,321
HCC22-088-P4-S2_1i_rep,P4,post,CXCL12,CXCR4,Tumour->Immune,0.04979838,0.17371444,321
HCC22-088-P4-S2_1i_rep,P4,post,CSF1,CSF1R,Tumour->Immune(myeloid),0.044251483,0.06300275,321
HCC22-088-P4-S2_1i_rep,P4,post,PDGFB,PDGFRB,Tumour->Stroma,0.25554073,0.059372637,321
HCC22-088-P4-S2_1i_rep,P4,post,FGF2,FGFR1,Tumour->Stroma,0.03267813,0.04227592,321
HCC22-088-P4-S2_1i_rep,P4,post,COL1A1,SDC1,Stroma->Tumour,1.6812147,0.58468807,321
HCC22-088-P5-S1,P5,pre,CXCL10,CXCR3,Immune->Tumour,0.0,0.0,313
HCC22-088-P5-S1,P5,pre,CXCL9,CXCR3,Immune->Tumour,0.0020993312,0.0,313
HCC22-088-P5-S1,P5,pre,CXCL11,CXCR3,Immune->Tumour,0.0,0.0,313
HCC22-088-P5-S1,P5,pre,CCL5,CCR5,Immune->Tumour,0.0,0.004044062,313
HCC22-088-P5-S1,P5,pre,CCL2,CCR2,Immune->Tumour,0.00557721,0.0,313
HCC22-088-P5-S1,P5,pre,CCL3,CCR1,Immune->Tumour,0.0,0.002510811,313
HCC22-088-P5-S1,P5,pre,TNF,TNFRSF1A,Immune->Tumour,0.040191583,0.017992524,313
HCC22-088-P5-S1,P5,pre,IL1B,IL1R1,Immune->Tumour,0.0,0.0,313
HCC22-088-P5-S1,P5,pre,IFNG,IFNGR1,Immune->Tumour,0.0,0.0,313
HCC22-088-P5-S1,P5,pre,CSF1,CSF1R,Immune->Tumour,0.010507572,0.107028306,313
HCC22-088-P5-S1,P5,pre,MIF,CD74,Immune->Tumour,1.5506958,4.9510345,313
HCC22-088-P5-S1,P5,pre,CD274,PDCD1,Immune->Immune(checkpoint),0.0,0.0,313
HCC22-088-P5-S1,P5,pre,LGALS9,HAVCR2,Immune->Immune(checkpoint),0.0,0.007093355,313
HCC22-088-P5-S1,P5,pre,CD40LG,CD40,Immune->Immune,0.0,0.0,313
HCC22-088-P5-S1,P5,pre,MDK,LRP1,Tumour->Immune,1.7233132,1.7702323,313
HCC22-088-P5-S1,P5,pre,MDK,ITGA6,Tumour->Immune,0.24894153,0.36651668,313
HCC22-088-P5-S1,P5,pre,TGFB1,TGFBR1,Tumour->Immune,0.022509957,0.021503111,313
HCC22-088-P5-S1,P5,pre,VEGFA,KDR,Tumour->Immune,0.08336598,0.443096,313
HCC22-088-P5-S1,P5,pre,VEGFA,FLT1,Tumour->Immune,0.2528847,0.28068075,313
HCC22-088-P5-S1,P5,pre,AREG,EGFR,Tumour->Immune,0.024057403,0.01567579,313
HCC22-088-P5-S1,P5,pre,HBEGF,EGFR,Tumour->Immune,0.0,0.0049121804,313
HCC22-088-P5-S1,P5,pre,CXCL12,CXCR4,Tumour->Immune,0.09244503,0.06591246,313
HCC22-088-P5-S1,P5,pre,CSF1,CSF1R,Tumour->Immune(myeloid),0.051541675,0.107028306,313
HCC22-088-P5-S1,P5,pre,PDGFB,PDGFRB,Tumour->Stroma,0.24775901,0.35847697,313
HCC22-088-P5-S1,P5,pre,FGF2,FGFR1,Tumour->Stroma,0.48648652,0.5485843,313
HCC22-088-P5-S1,P5,pre,COL1A1,SDC1,Stroma->Tumour,1.7021915,0.4528994,313
HCC22-088-P5-S2_F_rep,P5,post,CXCL10,CXCR3,Immune->Tumour,0.0,0.0,234
HCC22-088-P5-S2_F_rep,P5,post,CXCL9,CXCR3,Immune->Tumour,0.0,0.0,234
HCC22-088-P5-S2_F_rep,P5,post,CXCL11,CXCR3,Immune->Tumour,0.0,0.0,234
HCC22-088-P5-S2_F_rep,P5,post,CCL5,CCR5,Immune->Tumour,0.0,0.0025158,234
HCC22-088-P5-S2_F_rep,P5,post,CCL2,CCR2,Immune->Tumour,0.0,0.0,234
HCC22-088-P5-S2_F_rep,P5,post,CCL3,CCR1,Immune->Tumour,0.0135728875,0.00023377032,234
HCC22-088-P5-S2_F_rep,P5,post,TNF,TNFRSF1A,Immune->Tumour,0.0,0.018644141,234
HCC22-088-P5-S2_F_rep,P5,post,IL1B,IL1R1,Immune->Tumour,0.05911047,0.08032914,234
HCC22-088-P5-S2_F_rep,P5,post,IFNG,IFNGR1,Immune->Tumour,0.0,0.0,234
HCC22-088-P5-S2_F_rep,P5,post,CSF1,CSF1R,Immune->Tumour,0.038179565,0.12859736,234
HCC22-088-P5-S2_F_rep,P5,post,MIF,CD74,Immune->Tumour,6.9617505,8.280738,234
HCC22-088-P5-S2_F_rep,P5,post,CD274,PDCD1,Immune->Immune(checkpoint),0.0,0.0,234
HCC22-088-P5-S2_F_rep,P5,post,LGALS9,HAVCR2,Immune->Immune(checkpoint),0.04544616,0.041765437,234
HCC22-088-P5-S2_F_rep,P5,post,CD40LG,CD40,Immune->Immune,0.0070808283,0.00023835711,234
HCC22-088-P5-S2_F_rep,P5,post,MDK,LRP1,Tumour->Immune,2.7554562,1.9604889,234
HCC22-088-P5-S2_F_rep,P5,post,MDK,ITGA6,Tumour->Immune,1.8649087,1.4811182,234
HCC22-088-P5-S2_F_rep,P5,post,TGFB1,TGFBR1,Tumour->Immune,0.08611083,0.033968754,234
HCC22-088-P5-S2_F_rep,P5,post,VEGFA,KDR,Tumour->Immune,0.578179,0.052765667,234
HCC22-088-P5-S2_F_rep,P5,post,VEGFA,FLT1,Tumour->Immune,0.28635883,0.23004803,234
HCC22-088-P5-S2_F_rep,P5,post,AREG,EGFR,Tumour->Immune,0.0,0.007006747,234
HCC22-088-P5-S2_F_rep,P5,post,HBEGF,EGFR,Tumour->Immune,0.0,0.00024634495,234
HCC22-088-P5-S2_F_rep,P5,post,CXCL12,CXCR4,Tumour->Immune,0.42161626,0.36899564,234
HCC22-088-P5-S2_F_rep,P5,post,CSF1,CSF1R,Tumour->Immune(myeloid),0.2646046,0.12859736,234
HCC22-088-P5-S2_F_rep,P5,post,PDGFB,PDGFRB,Tumour->Stroma,0.10764471,0.112192586,234
HCC22-088-P5-S2_F_rep,P5,post,FGF2,FGFR1,Tumour->Stroma,0.0,0.014804091,234
HCC22-088-P5-S2_F_rep,P5,post,COL1A1,SDC1,Stroma->Tumour,2.6906843,2.9315705,234
