sample,marker,state,hotspot_delta
HCC22-088-P1-S1,CD68,T_cells,0.01709071688080541
HCC22-088-P1-S1,CD68,B_cells,0.023581983370770776
HCC22-088-P1-S1,CD68,myeloid,0.05738285035777024
HCC22-088-P1-S1,CD68,fibroblast,-0.12523521955740796
HCC22-088-P1-S1,CD68,endothelial,-0.005259014163167458
HCC22-088-P1-S1,CD68,epithelial_tumour,0.06055113291042579
HCC22-088-P1-S2,CD68,T_cells,0.00011974360759837467
HCC22-088-P1-S2,CD68,B_cells,0.0006653138927416348
HCC22-088-P1-S2,CD68,myeloid,0.029610518193327995
HCC22-088-P1-S2,CD68,fibroblast,-0.09211800620922483
HCC22-088-P1-S2,CD68,endothelial,-0.003519516713229899
HCC22-088-P1-S2,CD68,epithelial_tumour,0.07952396418106053
HCC22-088-P2-S1,CD68,T_cells,1.852698625322627e-05
HCC22-088-P2-S1,CD68,B_cells,0.003068935957556699
HCC22-088-P2-S1,CD68,myeloid,0.0785093404680714
HCC22-088-P2-S1,CD68,fibroblast,-0.0731475950951771
HCC22-088-P2-S1,CD68,endothelial,0.007463528223472814
HCC22-088-P2-S1,CD68,epithelial_tumour,0.004049871638786451
HCC22-088-P2-S2,CD68,T_cells,-0.001038684735636842
HCC22-088-P2-S2,CD68,B_cells,0.011289280799348385
HCC22-088-P2-S2,CD68,myeloid,0.037498979210249556
HCC22-088-P2-S2,CD68,fibroblast,-0.05684582761979062
HCC22-088-P2-S2,CD68,endothelial,-0.00391709461837126
HCC22-088-P2-S2,CD68,epithelial_tumour,0.013021436039191175
HCC22-088-P3-S1_A,CD68,T_cells,0.006797399965320573
HCC22-088-P3-S1_A,CD68,B_cells,0.012121048032910822
HCC22-088-P3-S1_A,CD68,myeloid,0.037260717981586144
HCC22-088-P3-S1_A,CD68,fibroblast,-0.06491353009190493
HCC22-088-P3-S1_A,CD68,endothelial,-0.029956473458713273
HCC22-088-P3-S1_A,CD68,epithelial_tumour,0.048275502107541904
HCC22-088-P3-S2,CD68,T_cells,-0.000877933303321447
HCC22-088-P3-S2,CD68,B_cells,0.00301416133926391
HCC22-088-P3-S2,CD68,myeloid,0.025602318434778927
HCC22-088-P3-S2,CD68,fibroblast,-0.024619718561505244
HCC22-088-P3-S2,CD68,endothelial,-0.0017710495267829543
HCC22-088-P3-S2,CD68,epithelial_tumour,0.021241191674665053
HCC22-088-P4-S1,CD68,T_cells,0.0030426393557307415
HCC22-088-P4-S1,CD68,B_cells,-0.0019719539115715667
HCC22-088-P4-S1,CD68,myeloid,0.10877119716829212
HCC22-088-P4-S1,CD68,fibroblast,-0.10764866532151429
HCC22-088-P4-S1,CD68,endothelial,0.006140730143602911
HCC22-088-P4-S1,CD68,epithelial_tumour,-0.0025758327168875494
HCC22-088-P4-S2,CD68,T_cells,-1.882502807904786e-05
HCC22-088-P4-S2,CD68,B_cells,-0.0017625101287318309
HCC22-088-P4-S2,CD68,myeloid,0.0677154921576364
HCC22-088-P4-S2,CD68,fibroblast,-0.08398183714518226
HCC22-088-P4-S2,CD68,endothelial,-0.009160552836416015
HCC22-088-P4-S2,CD68,epithelial_tumour,0.03703969365493007
HCC22-088-P5-S1,CD68,T_cells,0.0013830562486372303
HCC22-088-P5-S1,CD68,B_cells,0.011800948793343632
HCC22-088-P5-S1,CD68,myeloid,0.014863035891834304
HCC22-088-P5-S1,CD68,fibroblast,-0.04738055429462662
HCC22-088-P5-S1,CD68,endothelial,-0.001535616194034306
HCC22-088-P5-S1,CD68,epithelial_tumour,0.031217003356706824
HCC22-088-P5-S2,CD68,T_cells,0.0019563380995524272
HCC22-088-P5-S2,CD68,B_cells,-0.0015942276219239396
HCC22-088-P5-S2,CD68,myeloid,0.012579168494267629
HCC22-088-P5-S2,CD68,fibroblast,-0.02077640706390327
HCC22-088-P5-S2,CD68,endothelial,-0.005787998443466273
HCC22-088-P5-S2,CD68,epithelial_tumour,0.001417377420902921
HCC22-088-P6-S1,CD68,T_cells,-2.305926193478438e-06
HCC22-088-P6-S1,CD68,B_cells,-0.0029455711001716896
HCC22-088-P6-S1,CD68,myeloid,0.0020514723647382174
HCC22-088-P6-S1,CD68,fibroblast,-0.03630241604242468
HCC22-088-P6-S1,CD68,endothelial,0.007945778663296238
HCC22-088-P6-S1,CD68,epithelial_tumour,0.033798496586209675
HCC22-088-P6-S2_D,CD68,T_cells,0.0021132681886848422
HCC22-088-P6-S2_D,CD68,B_cells,0.007545635910773164
HCC22-088-P6-S2_D,CD68,myeloid,0.037706408233782046
HCC22-088-P6-S2_D,CD68,fibroblast,-0.03647040246182143
HCC22-088-P6-S2_D,CD68,endothelial,-0.01121821386425996
HCC22-088-P6-S2_D,CD68,epithelial_tumour,0.022708595978584784
HCC22-088-P1-S1,CD3E,T_cells,0.011178331968989885
HCC22-088-P1-S1,CD3E,B_cells,0.042901166825564684
HCC22-088-P1-S1,CD3E,myeloid,-0.016284899135069003
HCC22-088-P1-S1,CD3E,fibroblast,-0.09496748174018316
HCC22-088-P1-S1,CD3E,endothelial,-0.00240876776986719
HCC22-088-P1-S1,CD3E,epithelial_tumour,0.09572622816381782
HCC22-088-P1-S2,CD3E,T_cells,0.0010975954365803082
HCC22-088-P1-S2,CD3E,B_cells,-0.00017869868297456203
HCC22-088-P1-S2,CD3E,myeloid,0.00840552136029285
HCC22-088-P1-S2,CD3E,fibroblast,-0.04262392669539328
HCC22-088-P1-S2,CD3E,endothelial,-0.0018089115939962444
HCC22-088-P1-S2,CD3E,epithelial_tumour,0.034013214421147325
HCC22-088-P2-S1,CD3E,T_cells,-0.0028592795040717923
HCC22-088-P2-S1,CD3E,B_cells,-0.005697447504870435
HCC22-088-P2-S1,CD3E,myeloid,-0.015246261470970052
HCC22-088-P2-S1,CD3E,fibroblast,-0.050481827268236135
HCC22-088-P2-S1,CD3E,endothelial,-0.003918180262910249
HCC22-088-P2-S1,CD3E,epithelial_tumour,0.09559118725630074
HCC22-088-P2-S2,CD3E,T_cells,-0.0010837633272670118
HCC22-088-P2-S2,CD3E,B_cells,-0.00917172797891301
HCC22-088-P2-S2,CD3E,myeloid,0.006689039432361696
HCC22-088-P2-S2,CD3E,fibroblast,-0.06446194351818291
HCC22-088-P2-S2,CD3E,endothelial,-0.00112963273068023
HCC22-088-P2-S2,CD3E,epithelial_tumour,0.08380781875838769
HCC22-088-P3-S1_A,CD3E,T_cells,0.007225648584364277
HCC22-088-P3-S1_A,CD3E,B_cells,0.0061006340377482635
HCC22-088-P3-S1_A,CD3E,myeloid,0.06032435006641615
HCC22-088-P3-S1_A,CD3E,fibroblast,-0.08632080468796494
HCC22-088-P3-S1_A,CD3E,endothelial,-0.058557956466363414
HCC22-088-P3-S1_A,CD3E,epithelial_tumour,0.08081279300254085
HCC22-088-P3-S2,CD3E,T_cells,0.0070866898607320795
HCC22-088-P3-S2,CD3E,B_cells,0.00018741227437336916
HCC22-088-P3-S2,CD3E,myeloid,1.1070481393024578e-05
HCC22-088-P3-S2,CD3E,fibroblast,-0.019136924512324405
HCC22-088-P3-S2,CD3E,endothelial,-0.010234033263539492
HCC22-088-P3-S2,CD3E,epithelial_tumour,0.05656801342294435
HCC22-088-P4-S1,CD3E,T_cells,-0.004616690360515326
HCC22-088-P4-S1,CD3E,B_cells,-0.010577230645298176
HCC22-088-P4-S1,CD3E,myeloid,-0.04841978532434977
HCC22-088-P4-S1,CD3E,fibroblast,-0.0108608585560237
HCC22-088-P4-S1,CD3E,endothelial,0.01249017220469591
HCC22-088-P4-S1,CD3E,epithelial_tumour,0.052335659911371187
HCC22-088-P4-S2,CD3E,T_cells,-0.004524692100723687
HCC22-088-P4-S2,CD3E,B_cells,-0.008181123506571563
HCC22-088-P4-S2,CD3E,myeloid,-0.021911486790638784
HCC22-088-P4-S2,CD3E,fibroblast,-0.030359796967660335
HCC22-088-P4-S2,CD3E,endothelial,-0.013660842851454073
HCC22-088-P4-S2,CD3E,epithelial_tumour,0.08846940289120586
HCC22-088-P5-S1,CD3E,T_cells,0.0026858626808125728
HCC22-088-P5-S1,CD3E,B_cells,0.014268697881199971
HCC22-088-P5-S1,CD3E,myeloid,-0.02072888335214585
HCC22-088-P5-S1,CD3E,fibroblast,-0.09204133499257461
HCC22-088-P5-S1,CD3E,endothelial,-0.016479754915831098
HCC22-088-P5-S1,CD3E,epithelial_tumour,0.14996260733118746
HCC22-088-P5-S2,CD3E,T_cells,-0.0015187072142925024
HCC22-088-P5-S2,CD3E,B_cells,0.0036371746729259302
HCC22-088-P5-S2,CD3E,myeloid,0.011443548315385861
HCC22-088-P5-S2,CD3E,fibroblast,-0.07959680105427136
HCC22-088-P5-S2,CD3E,endothelial,-0.0023285512062361027
HCC22-088-P5-S2,CD3E,epithelial_tumour,0.09023797613725847
HCC22-088-P6-S1,CD3E,T_cells,0.0029885034773616736
HCC22-088-P6-S1,CD3E,B_cells,0.0003192481486139903
HCC22-088-P6-S1,CD3E,myeloid,0.03518675086561795
HCC22-088-P6-S1,CD3E,fibroblast,-0.04349465968145938
HCC22-088-P6-S1,CD3E,endothelial,-0.008132177677442634
HCC22-088-P6-S1,CD3E,epithelial_tumour,0.017677789412762865
HCC22-088-P6-S2_D,CD3E,T_cells,0.0032447119929508365
HCC22-088-P6-S2_D,CD3E,B_cells,0.011863219832145434
HCC22-088-P6-S2_D,CD3E,myeloid,0.004046873748105834
HCC22-088-P6-S2_D,CD3E,fibroblast,-0.044461831661707696
HCC22-088-P6-S2_D,CD3E,endothelial,0.0018392954157921831
HCC22-088-P6-S2_D,CD3E,epithelial_tumour,0.0413781237802798
HCC22-088-P1-S1,CD163,T_cells,0.009161852656401539
HCC22-088-P1-S1,CD163,B_cells,0.02683804666964469
HCC22-088-P1-S1,CD163,myeloid,0.043833220137983825
HCC22-088-P1-S1,CD163,fibroblast,-0.09943549948099123
HCC22-088-P1-S1,CD163,endothelial,-0.0017141982294697072
HCC22-088-P1-S1,CD163,epithelial_tumour,0.06549328507373989
HCC22-088-P1-S2,CD163,T_cells,0.0052134364409188675
HCC22-088-P1-S2,CD163,B_cells,0.0010133715854519013
HCC22-088-P1-S2,CD163,myeloid,0.03879033607627019
HCC22-088-P1-S2,CD163,fibroblast,-0.03436396151009902
HCC22-088-P1-S2,CD163,endothelial,0.0069642067503184885
HCC22-088-P1-S2,CD163,epithelial_tumour,-0.0033353723905866495
HCC22-088-P2-S1,CD163,T_cells,-0.0003005168355666027
HCC22-088-P2-S1,CD163,B_cells,-0.002433942453044239
HCC22-088-P2-S1,CD163,myeloid,0.04635410958879792
HCC22-088-P2-S1,CD163,fibroblast,-0.08845367141442206
HCC22-088-P2-S1,CD163,endothelial,-0.0007074809343763366
HCC22-088-P2-S1,CD163,epithelial_tumour,0.06550411022757473
HCC22-088-P2-S2,CD163,T_cells,0.0007865145970459312
HCC22-088-P2-S2,CD163,B_cells,-0.007844567608646498
HCC22-088-P2-S2,CD163,myeloid,0.061182148921754026
HCC22-088-P2-S2,CD163,fibroblast,-0.07792345821114954
HCC22-088-P2-S2,CD163,endothelial,0.003264567555992956
HCC22-088-P2-S2,CD163,epithelial_tumour,0.03180573117439023
HCC22-088-P3-S1_A,CD163,T_cells,0.015901548721858026
HCC22-088-P3-S1_A,CD163,B_cells,0.013452042799028167
HCC22-088-P3-S1_A,CD163,myeloid,0.08413512048405591
HCC22-088-P3-S1_A,CD163,fibroblast,-0.13478214875958167
HCC22-088-P3-S1_A,CD163,endothelial,-0.04112780242171114
HCC22-088-P3-S1_A,CD163,epithelial_tumour,0.07200590371309204
HCC22-088-P3-S2,CD163,T_cells,0.00613972011237187
HCC22-088-P3-S2,CD163,B_cells,-0.0020464112087853203
HCC22-088-P3-S2,CD163,myeloid,0.027884661885708144
HCC22-088-P3-S2,CD163,fibroblast,-0.01643488785059566
HCC22-088-P3-S2,CD163,endothelial,0.0007512929239498478
HCC22-088-P3-S2,CD163,epithelial_tumour,0.011051897477041717
HCC22-088-P4-S1,CD163,T_cells,0.01157005216576091
HCC22-088-P4-S1,CD163,B_cells,0.0015689806283853986
HCC22-088-P4-S1,CD163,myeloid,0.024207504862363685
HCC22-088-P4-S1,CD163,fibroblast,-0.07346323910145125
HCC22-088-P4-S1,CD163,endothelial,0.006636518434683176
HCC22-088-P4-S1,CD163,epithelial_tumour,0.019831450240138035
HCC22-088-P4-S2,CD163,T_cells,0.004833098607550995
HCC22-088-P4-S2,CD163,B_cells,0.004790391760176442
HCC22-088-P4-S2,CD163,myeloid,0.014151746171972762
HCC22-088-P4-S2,CD163,fibroblast,-0.012472955388974527
HCC22-088-P4-S2,CD163,endothelial,-0.002283850735202035
HCC22-088-P4-S2,CD163,epithelial_tumour,-0.0003103286009215611
HCC22-088-P5-S1,CD163,T_cells,0.005566852332512002
HCC22-088-P5-S1,CD163,B_cells,0.001992847062338425
HCC22-088-P5-S1,CD163,myeloid,-0.004798564942626357
HCC22-088-P5-S1,CD163,fibroblast,-0.056352263143520154
HCC22-088-P5-S1,CD163,endothelial,-0.01895951892389021
HCC22-088-P5-S1,CD163,epithelial_tumour,0.1056646221093703
HCC22-088-P5-S2,CD163,T_cells,0.001172066699787211
HCC22-088-P5-S2,CD163,B_cells,0.0010926985143693696
HCC22-088-P5-S2,CD163,myeloid,0.012586379577475708
HCC22-088-P5-S2,CD163,fibroblast,-0.07697228757794827
HCC22-088-P5-S2,CD163,endothelial,-0.004865081982957514
HCC22-088-P5-S2,CD163,epithelial_tumour,0.08737910838676799
HCC22-088-P6-S1,CD163,T_cells,0.004731229272277322
HCC22-088-P6-S1,CD163,B_cells,-0.006706643988743698
HCC22-088-P6-S1,CD163,myeloid,0.007788278169296434
HCC22-088-P6-S1,CD163,fibroblast,-0.02280202418128985
HCC22-088-P6-S1,CD163,endothelial,0.02010087402466644
HCC22-088-P6-S1,CD163,epithelial_tumour,0.0014337412492479579
HCC22-088-P6-S2_D,CD163,T_cells,0.003399042227446814
HCC22-088-P6-S2_D,CD163,B_cells,0.00804001349765084
HCC22-088-P6-S2_D,CD163,myeloid,0.03205148718236525
HCC22-088-P6-S2_D,CD163,fibroblast,-0.03832261478382992
HCC22-088-P6-S2_D,CD163,endothelial,-0.012431260206388392
HCC22-088-P6-S2_D,CD163,epithelial_tumour,0.03188607350758719
HCC22-088-P1-S1,CD14,T_cells,0.02026607083176621
HCC22-088-P1-S1,CD14,B_cells,0.012092900933505457
HCC22-088-P1-S1,CD14,myeloid,0.1136182227721155
HCC22-088-P1-S1,CD14,fibroblast,-0.14056341131442734
HCC22-088-P1-S1,CD14,endothelial,-0.02741216596410706
HCC22-088-P1-S1,CD14,epithelial_tumour,0.07420721808251282
HCC22-088-P1-S2,CD14,T_cells,0.005211653238270119
HCC22-088-P1-S2,CD14,B_cells,0.00010073475658034861
HCC22-088-P1-S2,CD14,myeloid,0.058495954917038906
HCC22-088-P1-S2,CD14,fibroblast,-0.06262617545390625
HCC22-088-P1-S2,CD14,endothelial,0.0020307039625689915
HCC22-088-P1-S2,CD14,epithelial_tumour,0.009970772481248974
HCC22-088-P2-S1,CD14,T_cells,0.0005932765736043257
HCC22-088-P2-S1,CD14,B_cells,-0.007445147840165613
HCC22-088-P2-S1,CD14,myeloid,0.0824014776250937
HCC22-088-P2-S1,CD14,fibroblast,-0.1277811220631534
HCC22-088-P2-S1,CD14,endothelial,-0.004482594460089681
HCC22-088-P2-S1,CD14,epithelial_tumour,0.0766767183436743
HCC22-088-P2-S2,CD14,T_cells,0.001697593393621583
HCC22-088-P2-S2,CD14,B_cells,-0.008146050560584461
HCC22-088-P2-S2,CD14,myeloid,0.08595343277389739
HCC22-088-P2-S2,CD14,fibroblast,-0.1098512479554935
HCC22-088-P2-S2,CD14,endothelial,0.002255437590534176
HCC22-088-P2-S2,CD14,epithelial_tumour,0.04724576433548962
HCC22-088-P3-S1_A,CD14,T_cells,0.008154611087476126
HCC22-088-P3-S1_A,CD14,B_cells,0.009952314084409712
HCC22-088-P3-S1_A,CD14,myeloid,0.1035390288408966
HCC22-088-P3-S1_A,CD14,fibroblast,-0.13100216265799902
HCC22-088-P3-S1_A,CD14,endothelial,-0.03186002640514157
HCC22-088-P3-S1_A,CD14,epithelial_tumour,0.05080089958709934
HCC22-088-P3-S2,CD14,T_cells,0.004431994058635201
HCC22-088-P3-S2,CD14,B_cells,-0.0032957840652255294
HCC22-088-P3-S2,CD14,myeloid,0.026569466863534452
HCC22-088-P3-S2,CD14,fibroblast,-0.03879387156246861
HCC22-088-P3-S2,CD14,endothelial,-0.01198125008508396
HCC22-088-P3-S2,CD14,epithelial_tumour,0.05874099887483546
HCC22-088-P4-S1,CD14,T_cells,0.004130623974202784
HCC22-088-P4-S1,CD14,B_cells,0.001955261009406184
HCC22-088-P4-S1,CD14,myeloid,0.06263807452391366
HCC22-088-P4-S1,CD14,fibroblast,-0.06979916976605727
HCC22-088-P4-S1,CD14,endothelial,-0.004461166879767751
HCC22-088-P4-S1,CD14,epithelial_tumour,0.011294491855954658
HCC22-088-P4-S2,CD14,T_cells,-0.0007949767366329501
HCC22-088-P4-S2,CD14,B_cells,0.0033671205930655874
HCC22-088-P4-S2,CD14,myeloid,0.0394777929492018
HCC22-088-P4-S2,CD14,fibroblast,-0.035709487422729724
HCC22-088-P4-S2,CD14,endothelial,-0.010055245436290418
HCC22-088-P4-S2,CD14,epithelial_tumour,0.013546256727543032
HCC22-088-P5-S1,CD14,T_cells,0.007228991751108225
HCC22-088-P5-S1,CD14,B_cells,-0.009960504100915708
HCC22-088-P5-S1,CD14,myeloid,0.02507462592894242
HCC22-088-P5-S1,CD14,fibroblast,-0.10438653553209509
HCC22-088-P5-S1,CD14,endothelial,-0.021822302096734802
HCC22-088-P5-S1,CD14,epithelial_tumour,0.1551925790977372
HCC22-088-P5-S2,CD14,T_cells,-9.359835793193959e-05
HCC22-088-P5-S2,CD14,B_cells,0.002459875196944669
HCC22-088-P5-S2,CD14,myeloid,0.09290369571097198
HCC22-088-P5-S2,CD14,fibroblast,-0.1386016077601261
HCC22-088-P5-S2,CD14,endothelial,-0.008013654917562618
HCC22-088-P5-S2,CD14,epithelial_tumour,0.0747016858117497
HCC22-088-P6-S1,CD14,T_cells,-0.0043812433279554475
HCC22-088-P6-S1,CD14,B_cells,-0.005884710240401715
HCC22-088-P6-S1,CD14,myeloid,0.034420127493467886
HCC22-088-P6-S1,CD14,fibroblast,-0.03488221758241683
HCC22-088-P6-S1,CD14,endothelial,0.009465807314410948
HCC22-088-P6-S1,CD14,epithelial_tumour,0.005807690888349655
HCC22-088-P6-S2_D,CD14,T_cells,0.0026319563137825568
HCC22-088-P6-S2_D,CD14,B_cells,0.0069765318847543455
HCC22-088-P6-S2_D,CD14,myeloid,0.07096258465782934
HCC22-088-P6-S2_D,CD14,fibroblast,-0.07344546941429009
HCC22-088-P6-S2_D,CD14,endothelial,-0.015013480810483787
HCC22-088-P6-S2_D,CD14,epithelial_tumour,0.032510618793239306
HCC22-088-P1-S1,EPCAM,T_cells,0.028761634265799613
HCC22-088-P1-S1,EPCAM,B_cells,0.034000323911720344
HCC22-088-P1-S1,EPCAM,myeloid,0.0563227706708643
HCC22-088-P1-S1,EPCAM,fibroblast,-0.1560994654614763
HCC22-088-P1-S1,EPCAM,endothelial,0.0036934440317750034
HCC22-088-P1-S1,EPCAM,epithelial_tumour,0.07749799940862623
HCC22-088-P1-S2,EPCAM,T_cells,0.0019972174795610115
HCC22-088-P1-S2,EPCAM,B_cells,-0.0006353575459111336
HCC22-088-P1-S2,EPCAM,myeloid,-0.012864585480635349
HCC22-088-P1-S2,EPCAM,fibroblast,-0.08606068846564785
HCC22-088-P1-S2,EPCAM,endothelial,-0.0017756374331131947
HCC22-088-P1-S2,EPCAM,epithelial_tumour,0.11471944144849294
HCC22-088-P2-S1,EPCAM,T_cells,0.00362206396423957
HCC22-088-P2-S1,EPCAM,B_cells,0.002622459463911715
HCC22-088-P2-S1,EPCAM,myeloid,0.06456160068489088
HCC22-088-P2-S1,EPCAM,fibroblast,-0.07400955217636718
HCC22-088-P2-S1,EPCAM,endothelial,0.01444383515668933
HCC22-088-P2-S1,EPCAM,epithelial_tumour,-0.011873134384172881
HCC22-088-P2-S2,EPCAM,T_cells,0.0009027547972828807
HCC22-088-P2-S2,EPCAM,B_cells,-0.003494340464619841
HCC22-088-P2-S2,EPCAM,myeloid,0.0765249331861668
HCC22-088-P2-S2,EPCAM,fibroblast,-0.09314686435075936
HCC22-088-P2-S2,EPCAM,endothelial,0.011172406970697046
HCC22-088-P2-S2,EPCAM,epithelial_tumour,0.01255433787798163
HCC22-088-P3-S1_A,EPCAM,T_cells,0.016245717723560624
HCC22-088-P3-S1_A,EPCAM,B_cells,0.0061615842430546505
HCC22-088-P3-S1_A,EPCAM,myeloid,0.06893918146422577
HCC22-088-P3-S1_A,EPCAM,fibroblast,-0.1197136331556643
HCC22-088-P3-S1_A,EPCAM,endothelial,-0.021390182327853863
HCC22-088-P3-S1_A,EPCAM,epithelial_tumour,0.059341996589418244
HCC22-088-P3-S2,EPCAM,T_cells,0.006121736612022616
HCC22-088-P3-S2,EPCAM,B_cells,0.004520454542755348
HCC22-088-P3-S2,EPCAM,myeloid,0.0009573300733824036
HCC22-088-P3-S2,EPCAM,fibroblast,-0.042945545695533216
HCC22-088-P3-S2,EPCAM,endothelial,-0.015387707997980941
HCC22-088-P3-S2,EPCAM,epithelial_tumour,0.06813337670180385
HCC22-088-P4-S1,EPCAM,T_cells,0.006120736166015836
HCC22-088-P4-S1,EPCAM,B_cells,-0.004343489091126633
HCC22-088-P4-S1,EPCAM,myeloid,0.05563584324968081
HCC22-088-P4-S1,EPCAM,fibroblast,-0.031099166767649566
HCC22-088-P4-S1,EPCAM,endothelial,0.010482786983313865
HCC22-088-P4-S1,EPCAM,epithelial_tumour,-0.0233351720786958
HCC22-088-P4-S2,EPCAM,T_cells,0.0038670690074989068
HCC22-088-P4-S2,EPCAM,B_cells,-0.0012580464600987773
HCC22-088-P4-S2,EPCAM,myeloid,-0.005402463623077752
HCC22-088-P4-S2,EPCAM,fibroblast,-0.0431156591597448
HCC22-088-P4-S2,EPCAM,endothelial,-0.0012248304903821339
HCC22-088-P4-S2,EPCAM,epithelial_tumour,0.05247195596174051
HCC22-088-P5-S1,EPCAM,T_cells,0.011855037358633495
HCC22-088-P5-S1,EPCAM,B_cells,-0.0011750797687115969
HCC22-088-P5-S1,EPCAM,myeloid,0.04767165290458047
HCC22-088-P5-S1,EPCAM,fibroblast,-0.037672015800080616
HCC22-088-P5-S1,EPCAM,endothelial,-0.0032176205932121157
HCC22-088-P5-S1,EPCAM,epithelial_tumour,0.015652000392974347
HCC22-088-P5-S2,EPCAM,T_cells,-0.0004059096381475464
HCC22-088-P5-S2,EPCAM,B_cells,0.003953609727550961
HCC22-088-P5-S2,EPCAM,myeloid,0.012963212608174915
HCC22-088-P5-S2,EPCAM,fibroblast,-0.017801615485097178
HCC22-088-P5-S2,EPCAM,endothelial,-0.0004705854966777154
HCC22-088-P5-S2,EPCAM,epithelial_tumour,0.011781879668761402
HCC22-088-P6-S1,EPCAM,T_cells,-0.0024058483339858454
HCC22-088-P6-S1,EPCAM,B_cells,-3.091907969383738e-05
HCC22-088-P6-S1,EPCAM,myeloid,0.003852505829089803
HCC22-088-P6-S1,EPCAM,fibroblast,0.013718542754592833
HCC22-088-P6-S1,EPCAM,endothelial,-0.02489674343666471
HCC22-088-P6-S1,EPCAM,epithelial_tumour,0.014307916812116309
HCC22-088-P6-S2_D,EPCAM,T_cells,0.0013342995302360423
HCC22-088-P6-S2_D,EPCAM,B_cells,0.007796526712517359
HCC22-088-P6-S2_D,EPCAM,myeloid,0.00602902067006067
HCC22-088-P6-S2_D,EPCAM,fibroblast,-0.046623025703013465
HCC22-088-P6-S2_D,EPCAM,endothelial,0.001571805866766543
HCC22-088-P6-S2_D,EPCAM,epithelial_tumour,0.03325834467692472
HCC22-088-P1-S1,ACTA2,T_cells,-0.00228499773213103
HCC22-088-P1-S1,ACTA2,B_cells,-0.026391615172580984
HCC22-088-P1-S1,ACTA2,myeloid,-0.020280822748982796
HCC22-088-P1-S1,ACTA2,fibroblast,0.04553633245726629
HCC22-088-P1-S1,ACTA2,endothelial,0.03032936059528471
HCC22-088-P1-S1,ACTA2,epithelial_tumour,-0.014860064627771848
HCC22-088-P1-S2,ACTA2,T_cells,-0.00030446118267968975
HCC22-088-P1-S2,ACTA2,B_cells,-0.0026376907352022305
HCC22-088-P1-S2,ACTA2,myeloid,0.0029762363500759614
HCC22-088-P1-S2,ACTA2,fibroblast,-0.0819009585151187
HCC22-088-P1-S2,ACTA2,endothelial,-0.00036474298811579875
HCC22-088-P1-S2,ACTA2,epithelial_tumour,0.0965136340233142
HCC22-088-P2-S1,ACTA2,T_cells,0.0041980540380532035
HCC22-088-P2-S1,ACTA2,B_cells,-0.002253445182312991
HCC22-088-P2-S1,ACTA2,myeloid,0.04555169370547782
HCC22-088-P2-S1,ACTA2,fibroblast,-0.06739583197902799
HCC22-088-P2-S1,ACTA2,endothelial,-0.0015737641830091964
HCC22-088-P2-S1,ACTA2,epithelial_tumour,0.0182661493762893
HCC22-088-P2-S2,ACTA2,T_cells,0.0026798132978018445
HCC22-088-P2-S2,ACTA2,B_cells,-0.003848546039043641
HCC22-088-P2-S2,ACTA2,myeloid,0.06658068449119607
HCC22-088-P2-S2,ACTA2,fibroblast,-0.08078067973018133
HCC22-088-P2-S2,ACTA2,endothelial,0.008149955558009951
HCC22-088-P2-S2,ACTA2,epithelial_tumour,0.0207422783224835
HCC22-088-P3-S1_A,ACTA2,T_cells,0.01297982648768388
HCC22-088-P3-S1_A,ACTA2,B_cells,-0.014386554388048166
HCC22-088-P3-S1_A,ACTA2,myeloid,0.02181755426970948
HCC22-088-P3-S1_A,ACTA2,fibroblast,-0.03877612997299562
HCC22-088-P3-S1_A,ACTA2,endothelial,0.0053724196882323355
HCC22-088-P3-S1_A,ACTA2,epithelial_tumour,-0.0028598469532872817
HCC22-088-P3-S2,ACTA2,T_cells,0.005067771168031306
HCC22-088-P3-S2,ACTA2,B_cells,0.008328185560287887
HCC22-088-P3-S2,ACTA2,myeloid,0.007160966910098564
HCC22-088-P3-S2,ACTA2,fibroblast,-0.030642080520225767
HCC22-088-P3-S2,ACTA2,endothelial,0.0008214600910926018
HCC22-088-P3-S2,ACTA2,epithelial_tumour,0.010444802076148313
HCC22-088-P4-S1,ACTA2,T_cells,0.02344785576804531
HCC22-088-P4-S1,ACTA2,B_cells,0.0011864545613735605
HCC22-088-P4-S1,ACTA2,myeloid,0.05862876287482688
HCC22-088-P4-S1,ACTA2,fibroblast,-0.1093641946575995
HCC22-088-P4-S1,ACTA2,endothelial,0.007766202304421044
HCC22-088-P4-S1,ACTA2,epithelial_tumour,0.008686186378812702
HCC22-088-P4-S2,ACTA2,T_cells,0.004047668857693192
HCC22-088-P4-S2,ACTA2,B_cells,-0.0017175406907431467
HCC22-088-P4-S2,ACTA2,myeloid,0.014582907650984939
HCC22-088-P4-S2,ACTA2,fibroblast,-0.029195395342595964
HCC22-088-P4-S2,ACTA2,endothelial,0.003325598614097154
HCC22-088-P4-S2,ACTA2,epithelial_tumour,0.0142947861464999
HCC22-088-P5-S1,ACTA2,T_cells,0.0052311835667892565
HCC22-088-P5-S1,ACTA2,B_cells,-0.004203351012519743
HCC22-088-P5-S1,ACTA2,myeloid,0.019351036344739773
HCC22-088-P5-S1,ACTA2,fibroblast,-0.0018847631618699179
HCC22-088-P5-S1,ACTA2,endothelial,-0.002914043264602678
HCC22-088-P5-S1,ACTA2,epithelial_tumour,0.003874251606253487
HCC22-088-P5-S2,ACTA2,T_cells,0.0032881625419509146
HCC22-088-P5-S2,ACTA2,B_cells,0.005605219942452527
HCC22-088-P5-S2,ACTA2,myeloid,0.008290106487606357
HCC22-088-P5-S2,ACTA2,fibroblast,-0.08469682550202551
HCC22-088-P5-S2,ACTA2,endothelial,-0.0034554316734825355
HCC22-088-P5-S2,ACTA2,epithelial_tumour,0.07654409148823588
HCC22-088-P6-S1,ACTA2,T_cells,0.0004394794388422091
HCC22-088-P6-S1,ACTA2,B_cells,0.0035769105499445838
HCC22-088-P6-S1,ACTA2,myeloid,0.0035305647229805434
HCC22-088-P6-S1,ACTA2,fibroblast,-0.04999952850847622
HCC22-088-P6-S1,ACTA2,endothelial,0.01563569363800668
HCC22-088-P6-S1,ACTA2,epithelial_tumour,0.03136233470415672
HCC22-088-P6-S2_D,ACTA2,T_cells,8.748955884964847e-05
HCC22-088-P6-S2_D,ACTA2,B_cells,-0.003730944683923945
HCC22-088-P6-S2_D,ACTA2,myeloid,0.032487306916816755
HCC22-088-P6-S2_D,ACTA2,fibroblast,-0.012121009446114162
HCC22-088-P6-S2_D,ACTA2,endothelial,-0.00040614286546511447
HCC22-088-P6-S2_D,ACTA2,epithelial_tumour,-0.010712278287582994
HCC22-088-P1-S1,VIM,T_cells,-0.01898865213287762
HCC22-088-P1-S1,VIM,B_cells,-0.02688436330526244
HCC22-088-P1-S1,VIM,myeloid,-0.07335108465380889
HCC22-088-P1-S1,VIM,fibroblast,0.05062494060346501
HCC22-088-P1-S1,VIM,endothelial,0.030975473861722003
HCC22-088-P1-S1,VIM,epithelial_tumour,-0.022617278228659672
HCC22-088-P1-S2,VIM,T_cells,-0.001626297931299479
HCC22-088-P1-S2,VIM,B_cells,-0.0014039731028528974
HCC22-088-P1-S2,VIM,myeloid,-0.04429680227948819
HCC22-088-P1-S2,VIM,fibroblast,-0.0237642893829747
HCC22-088-P1-S2,VIM,endothelial,-0.003984899245462081
HCC22-088-P1-S2,VIM,epithelial_tumour,0.08606315974293322
HCC22-088-P2-S1,VIM,T_cells,0.001402829415838129
HCC22-088-P2-S1,VIM,B_cells,0.017225154162132737
HCC22-088-P2-S1,VIM,myeloid,-0.04521308615561517
HCC22-088-P2-S1,VIM,fibroblast,-0.06289650651554657
HCC22-088-P2-S1,VIM,endothelial,0.001408105591955762
HCC22-088-P2-S1,VIM,epithelial_tumour,0.0900151931441482
HCC22-088-P2-S2,VIM,T_cells,-0.0022473684878836463
HCC22-088-P2-S2,VIM,B_cells,0.013952160585308068
HCC22-088-P2-S2,VIM,myeloid,-0.06121460604133863
HCC22-088-P2-S2,VIM,fibroblast,-0.07579082386089186
HCC22-088-P2-S2,VIM,endothelial,-0.003130162835197875
HCC22-088-P2-S2,VIM,epithelial_tumour,0.12843888971499431
HCC22-088-P3-S1_A,VIM,T_cells,-0.005908507188416066
HCC22-088-P3-S1_A,VIM,B_cells,0.038036779843826904
HCC22-088-P3-S1_A,VIM,myeloid,0.05165212364341233
HCC22-088-P3-S1_A,VIM,fibroblast,-0.06239433684666296
HCC22-088-P3-S1_A,VIM,endothelial,-0.056205229585409106
HCC22-088-P3-S1_A,VIM,epithelial_tumour,0.04440383466999008
HCC22-088-P3-S2,VIM,T_cells,-0.003942024242795572
HCC22-088-P3-S2,VIM,B_cells,-0.01565704650896349
HCC22-088-P3-S2,VIM,myeloid,0.011373768388830918
HCC22-088-P3-S2,VIM,fibroblast,0.01654672072147989
HCC22-088-P3-S2,VIM,endothelial,0.021119305769248198
HCC22-088-P3-S2,VIM,epithelial_tumour,-0.042531528690143774
HCC22-088-P4-S1,VIM,T_cells,0.004503049720830609
HCC22-088-P4-S1,VIM,B_cells,-0.00797053136177945
HCC22-088-P4-S1,VIM,myeloid,0.012285254286362277
HCC22-088-P4-S1,VIM,fibroblast,-0.02067896368874489
HCC22-088-P4-S1,VIM,endothelial,0.007775374396360047
HCC22-088-P4-S1,VIM,epithelial_tumour,0.017547355108509813
HCC22-088-P4-S2,VIM,T_cells,0.001333544472393788
HCC22-088-P4-S2,VIM,B_cells,-0.0016299594773747338
HCC22-088-P4-S2,VIM,myeloid,-0.006548874839809274
HCC22-088-P4-S2,VIM,fibroblast,-0.025576255616978738
HCC22-088-P4-S2,VIM,endothelial,-0.014857518807511613
HCC22-088-P4-S2,VIM,epithelial_tumour,0.057110524943437935
HCC22-088-P5-S1,VIM,T_cells,-0.0015333323624417807
HCC22-088-P5-S1,VIM,B_cells,-0.0013544440229065965
HCC22-088-P5-S1,VIM,myeloid,0.0019925592936381603
HCC22-088-P5-S1,VIM,fibroblast,-0.033303621671068706
HCC22-088-P5-S1,VIM,endothelial,-0.012507767017009688
HCC22-088-P5-S1,VIM,epithelial_tumour,0.07982058027397246
HCC22-088-P5-S2,VIM,T_cells,0.0013801110028879102
HCC22-088-P5-S2,VIM,B_cells,0.004550745343204023
HCC22-088-P5-S2,VIM,myeloid,0.008401877796724792
HCC22-088-P5-S2,VIM,fibroblast,-0.06450583697803247
HCC22-088-P5-S2,VIM,endothelial,0.0042484070495671725
HCC22-088-P5-S2,VIM,epithelial_tumour,0.05150001907038623
HCC22-088-P6-S1,VIM,T_cells,8.62415604762543e-05
HCC22-088-P6-S1,VIM,B_cells,-0.00380356902175495
HCC22-088-P6-S1,VIM,myeloid,0.02994764268163399
HCC22-088-P6-S1,VIM,fibroblast,-0.06951520183940652
HCC22-088-P6-S1,VIM,endothelial,0.031102080537630986
HCC22-088-P6-S1,VIM,epithelial_tumour,0.0167282606268747
HCC22-088-P6-S2_D,VIM,T_cells,0.0015491739233243714
HCC22-088-P6-S2_D,VIM,B_cells,-0.0005996777812136977
HCC22-088-P6-S2_D,VIM,myeloid,0.022930480157584587
HCC22-088-P6-S2_D,VIM,fibroblast,0.012051951540573147
HCC22-088-P6-S2_D,VIM,endothelial,-0.01812232651904673
HCC22-088-P6-S2_D,VIM,epithelial_tumour,0.007931864823154236
HCC22-088-P1-S1,PCNA,T_cells,-0.003221626902059859
HCC22-088-P1-S1,PCNA,B_cells,-0.005009923678488064
HCC22-088-P1-S1,PCNA,myeloid,0.007127351572325635
HCC22-088-P1-S1,PCNA,fibroblast,-0.02503333198858293
HCC22-088-P1-S1,PCNA,endothelial,0.005344114749535264
HCC22-088-P1-S1,PCNA,epithelial_tumour,0.0007130949621294083
HCC22-088-P1-S2,PCNA,T_cells,0.0017977552727584615
HCC22-088-P1-S2,PCNA,B_cells,0.002797215265695511
HCC22-088-P1-S2,PCNA,myeloid,-0.027086177512853193
HCC22-088-P1-S2,PCNA,fibroblast,-0.048499215626699455
HCC22-088-P1-S2,PCNA,endothelial,-0.001557709069133481
HCC22-088-P1-S2,PCNA,epithelial_tumour,0.0813382833701426
HCC22-088-P2-S1,PCNA,T_cells,-7.585420637302043e-05
HCC22-088-P2-S1,PCNA,B_cells,-0.00858019464348126
HCC22-088-P2-S1,PCNA,myeloid,0.032793655971980445
HCC22-088-P2-S1,PCNA,fibroblast,0.04248365706102508
HCC22-088-P2-S1,PCNA,endothelial,-0.005975818453197786
HCC22-088-P2-S1,PCNA,epithelial_tumour,-0.04325725448471136
HCC22-088-P2-S2,PCNA,T_cells,0.0015916524110087442
HCC22-088-P2-S2,PCNA,B_cells,-0.0007386609829559791
HCC22-088-P2-S2,PCNA,myeloid,0.028229063509630864
HCC22-088-P2-S2,PCNA,fibroblast,0.025079951784477417
HCC22-088-P2-S2,PCNA,endothelial,0.002440011979477734
HCC22-088-P2-S2,PCNA,epithelial_tumour,-0.04758365174313105
HCC22-088-P3-S1_A,PCNA,T_cells,-0.0001404189275858378
HCC22-088-P3-S1_A,PCNA,B_cells,-0.002446018967415739
HCC22-088-P3-S1_A,PCNA,myeloid,-0.025249252205363434
HCC22-088-P3-S1_A,PCNA,fibroblast,-0.00028712263296304386
HCC22-088-P3-S1_A,PCNA,endothelial,0.009768967847367083
HCC22-088-P3-S1_A,PCNA,epithelial_tumour,0.015219811719978854
HCC22-088-P3-S2,PCNA,T_cells,-0.0016043594861208706
HCC22-088-P3-S2,PCNA,B_cells,-0.0046882910419709795
HCC22-088-P3-S2,PCNA,myeloid,-0.00203093345427989
HCC22-088-P3-S2,PCNA,fibroblast,-0.015542183903892837
HCC22-088-P3-S2,PCNA,endothelial,0.010689658388344618
HCC22-088-P3-S2,PCNA,epithelial_tumour,-0.01894390819479322
HCC22-088-P4-S1,PCNA,T_cells,0.010753362500888973
HCC22-088-P4-S1,PCNA,B_cells,-0.0007553925031630864
HCC22-088-P4-S1,PCNA,myeloid,0.0352527876870285
HCC22-088-P4-S1,PCNA,fibroblast,-0.040438123641229784
HCC22-088-P4-S1,PCNA,endothelial,0.011027609330390192
HCC22-088-P4-S1,PCNA,epithelial_tumour,-0.010082128656262512
HCC22-088-P4-S2,PCNA,T_cells,0.003908371926365619
HCC22-088-P4-S2,PCNA,B_cells,0.008157535796655638
HCC22-088-P4-S2,PCNA,myeloid,0.01584933007679136
HCC22-088-P4-S2,PCNA,fibroblast,-0.013872158269179868
HCC22-088-P4-S2,PCNA,endothelial,0.0019837920333845294
HCC22-088-P4-S2,PCNA,epithelial_tumour,-0.019675717204523574
HCC22-088-P5-S1,PCNA,T_cells,0.0036271326741802584
HCC22-088-P5-S1,PCNA,B_cells,0.0004810251258156595
HCC22-088-P5-S1,PCNA,myeloid,-0.009067860677039234
HCC22-088-P5-S1,PCNA,fibroblast,0.020003234249442725
HCC22-088-P5-S1,PCNA,endothelial,0.020494746690087627
HCC22-088-P5-S1,PCNA,epithelial_tumour,-0.10259514661452417
HCC22-088-P5-S2,PCNA,T_cells,0.0009922513455489978
HCC22-088-P5-S2,PCNA,B_cells,-0.008233037519099692
HCC22-088-P5-S2,PCNA,myeloid,-0.013422069521399634
HCC22-088-P5-S2,PCNA,fibroblast,0.04837963513031873
HCC22-088-P5-S2,PCNA,endothelial,0.015472836640309531
HCC22-088-P5-S2,PCNA,epithelial_tumour,-0.06280414535662698
HCC22-088-P6-S1,PCNA,T_cells,-0.0008082474935923348
HCC22-088-P6-S1,PCNA,B_cells,0.009473787129021978
HCC22-088-P6-S1,PCNA,myeloid,-0.03707132574134035
HCC22-088-P6-S1,PCNA,fibroblast,-0.0028109422089590552
HCC22-088-P6-S1,PCNA,endothelial,0.011346402224532467
HCC22-088-P6-S1,PCNA,epithelial_tumour,0.006356812576823696
HCC22-088-P6-S2_D,PCNA,T_cells,-0.0008878742189253452
HCC22-088-P6-S2_D,PCNA,B_cells,-0.0028111729313550233
HCC22-088-P6-S2_D,PCNA,myeloid,-0.004920320087949043
HCC22-088-P6-S2_D,PCNA,fibroblast,-0.03551524955807506
HCC22-088-P6-S2_D,PCNA,endothelial,0.02014608786991523
HCC22-088-P6-S2_D,PCNA,epithelial_tumour,0.0005061074108199774
